city_area,tile_id,device_id,timestamp_amsterdam,temperature_c,latitude,longitude,altitude_m,location_name,country
Utrecht,Utrecht_T2,02:00:00:74:07:28,2026-08-11 13:37:09,23.1,52.145235,5.210172,10,Bilthoven,NL
Utrecht,Utrecht_T2,02:00:00:c2:35:ac,2026-08-11 13:36:48,22.4,52.1459370151422,5.21551547366956,7,Bilthoven,NL
Utrecht,Utrecht_T2,02:00:00:7f:c4:6a,2026-08-11 13:36:37,22.8,52.1425225952839,5.23391006287104,10,Zeist,NL
Utrecht,Utrecht_T2,02:00:00:b5:78:d6,2026-08-11 13:36:36,24.4,52.146778,5.237025,10,Zeist,NL
Utrecht,Utrecht_T2,02:00:00:5f:15:c0,2026-08-11 13:37:28,23.9,52.16024,5.215069,6,Bilthoven,NL
Utrecht,Utrecht_T2,02:00:00:a2:74:d8,2026-08-11 13:34:26,24.4,52.159536,5.30479100000001,8,Soest,NL
Utrecht,Utrecht_T2,02:00:00:a4:1a:b8,2026-08-11 13:33:28,25.0,52.15949,5.305391,9,Soest,NL
Utrecht,Utrecht_T2,02:00:00:00:4a:16,2026-08-11 13:30:43,23.0,52.158649,5.33553899999997,6,Soest,NL
Utrecht,Utrecht_T2,02:00:00:7a:8f:48,2026-08-11 13:38:24,23.0,52.161646,5.287263,6,Soest,NL
Utrecht,Utrecht_T2,02:00:00:31:ea:a8,2026-08-11 13:34:44,23.6,52.166694,5.293944,4,Soest,NL
Utrecht,Utrecht_T2,02:00:00:2f:27:36,2026-08-11 13:40:15,22.4,52.1619163569313,5.29985212608884,7,Soest,NL
Utrecht,Utrecht_T2,02:00:00:b9:6e:74,2026-08-11 13:31:07,22.3,52.162275,5.303515,5,Soest,NL
Utrecht,Utrecht_T2,02:00:00:70:4e:b4,2026-08-11 13:30:24,24.3,52.1610313078006,5.31033632946336,7,Soest,NL
Utrecht,Utrecht_T2,02:00:00:27:55:54,2026-08-11 13:30:22,23.6,52.161317,5.311697,10,Soest,NL
Utrecht,Utrecht_T2,02:00:00:9d:12:d6,2026-08-11 13:37:41,20.7,52.173973,5.267367,3,Soest,NL
Utrecht,Utrecht_T2,02:00:00:83:cc:cc,2026-08-11 13:36:53,23.9,52.1690789466029,5.27412414550781,2,Soest,NL
Utrecht,Utrecht_T2,02:00:00:3c:17:5e,2026-08-11 13:39:29,24.8,52.174072,5.286707,4,Soest,NL
Utrecht,Utrecht_T2,02:00:00:a9:e6:ca,2026-08-11 13:33:22,22.0,52.1806831359863,5.27848291397095,7,Soest,NL
Utrecht,Utrecht_T2,02:00:00:c2:40:46,2026-08-11 13:39:47,22.0,52.1801791426243,5.30147091530403,12,Soest,NL
Utrecht,Utrecht_T2,02:00:00:c3:a7:7e,2026-08-11 13:36:20,21.5,52.1838930347472,5.27600772213758,5,Soest,NL
Utrecht,Utrecht_T2,02:00:00:02:f3:92,2026-08-11 13:38:21,22.8,52.185829,5.289498,11,Soest,NL
Utrecht,Utrecht_T2,02:00:00:b2:be:4a,2026-08-11 13:39:44,23.3,52.182134,5.302085,8,Soest,NL
Utrecht,Utrecht_T2,02:00:00:7a:b5:60,2026-08-11 13:37:58,24.0,52.189513,5.28451299999998,7,Soest,NL
Utrecht,Utrecht_T2,02:00:00:1d:ec:aa,2026-08-11 13:36:27,25.0,52.190209,5.284914,3,Soest,NL
Utrecht,Utrecht_T2,02:00:00:6b:5e:00,2026-08-11 13:36:12,22.4,52.18958,5.285416,3,Soest,NL
Utrecht,Utrecht_T2,02:00:00:5e:fd:72,2026-08-11 13:37:32,23.1,52.1916211079577,5.29531314838943,2,Baarn,NL
Utrecht,Utrecht_T2,02:00:00:74:36:ec,2026-08-11 13:34:34,24.3,52.1987916,5.29681810000006,0,Baarn,NL
Utrecht,Utrecht_T2,02:00:00:b5:a7:2e,2026-08-11 13:34:55,25.4,52.204551,5.29403400000005,4,Baarn,NL
Utrecht,Utrecht_T2,02:00:00:05:5e:4c,2026-08-11 13:34:26,21.7,52.208508,5.285955,8,Baarn,NL
Utrecht,Utrecht_T2,02:00:00:5e:da:38,2026-08-11 13:37:22,22.4,52.20741,5.289788,8,Baarn,NL
Utrecht,Utrecht_T2,02:00:00:03:a5:92,2026-08-11 13:29:59,24.0,52.205826,5.303774,1,Baarn,NL
Utrecht,Utrecht_T2,02:00:00:6b:4e:c2,2026-08-11 13:35:28,23.9,52.205954,5.303684,1,Baarn,NL
Utrecht,Utrecht_T2,02:00:00:9b:5d:8c,2026-08-11 13:34:29,24.0,52.2144057,5.2672261,15,Baarn,NL
Utrecht,Utrecht_T2,02:00:00:73:a9:6a,2026-08-11 13:32:00,21.9,52.211376,5.2808995,14,Baarn,NL
Utrecht,Utrecht_T2,02:00:00:b2:ca:86,2026-08-11 13:32:35,23.6,52.211498260498,5.29220008850098,8,Baarn,NL
Utrecht,Utrecht_T2,02:00:00:90:7d:3c,2026-08-11 13:34:57,24.8,52.214039,5.301358,4,Baarn,NL
Utrecht,Utrecht_T2,02:00:00:64:24:30,2026-08-11 13:31:09,26.5,52.2223117937543,5.20657381176758,7,Hilversum,NL
Utrecht,Utrecht_T2,02:00:00:9b:5f:dc,2026-08-11 13:38:18,26.1,52.2212383821664,5.28185230527447,3,Baarn,NL
Utrecht,Utrecht_T2,02:00:00:5e:d4:3c,2026-08-11 13:32:12,26.4,52.2219,5.2869,0,Kortenhoef,NL
Utrecht,Utrecht_T2,02:00:00:3f:5b:90,2026-08-11 13:33:23,23.4,52.2184876,5.2895261,3,Baarn,NL
Utrecht,Utrecht_T2,02:00:00:7f:da:5c,2026-08-11 13:29:56,24.6,52.0531304369579,5.22815108299255,4,Odijk,NL
Utrecht,Utrecht_T2,02:00:00:6b:5c:40,2026-08-11 13:38:19,25.6,52.054557,5.231227,4,Odijk,NL
Utrecht,Utrecht_T2,02:00:00:83:93:78,2026-08-11 13:30:41,24.3,52.055734,5.266538,4,Driebergen-Rijsenburg,NL
Utrecht,Utrecht_T2,02:00:00:6b:48:fa,2026-08-11 13:37:56,22.2,52.054625,5.268526,6,Driebergen-Rijsenburg,NL
Utrecht,Utrecht_T2,02:00:00:c2:2d:da,2026-08-11 13:35:57,20.1,52.058667,5.280097,10,Driebergen-Rijsenburg,NL
Utrecht,Utrecht_T2,02:00:00:b2:c5:82,2026-08-11 13:31:25,22.1,52.053513,5.28343899999996,7,Driebergen-Rijsenburg,NL
Utrecht,Utrecht_T2,02:00:00:05:4c:fe,2026-08-11 13:37:34,21.9,52.05599,5.302302,8,Driebergen-Rijsenburg,NL
Utrecht,Utrecht_T2,02:00:00:53:4b:f6,2026-08-11 13:37:57,24.8,52.0663334077756,5.27181981444309,7,Utrechtse Heuvelrug,NL
Utrecht,Utrecht_T2,02:00:00:5f:31:da,2026-08-11 13:31:11,21.9,52.060634,5.303621,9,Driebergen-Rijsenburg,NL
Utrecht,Utrecht_T2,02:00:00:69:2d:ce,2026-08-11 13:36:34,26.2,52.0776864965393,5.21996678862774,2,Zeist,NL
Utrecht,Utrecht_T2,02:00:00:2c:8c:8e,2026-08-11 13:31:37,24.3,52.076028,5.223584,3,Zeist,NL
Utrecht,Utrecht_T2,02:00:00:b5:95:b6,2026-08-11 13:37:13,25.6,52.076054,5.2236304,3,Zeist,NL
Utrecht,Utrecht_T2,02:00:00:1e:2b:70,2026-08-11 13:31:41,22.8,52.077486,5.262767,7,Zeist,NL
Utrecht,Utrecht_T2,02:00:00:22:e9:30,2026-08-11 13:31:42,20.6,52.0765091878968,5.26901300000007,11,Zeist,NL
Utrecht,Utrecht_T2,02:00:00:a9:8d:d8,2026-08-11 13:30:32,26.2,52.085205078125,5.20746994018555,3,Zeist,NL
Utrecht,Utrecht_T2,02:00:00:6b:50:1c,2026-08-11 13:40:13,25.5,52.0831358136488,5.20810304846899,3,Zeist,NL
Utrecht,Utrecht_T2,02:00:00:b5:a7:22,2026-08-11 13:32:20,24.5,52.086941,5.225881,3,Zeist,NL
Utrecht,Utrecht_T2,02:00:00:b5:78:be,2026-08-11 13:40:00,24.6,52.0856160136376,5.24176729332961,10,Zeist,NL
Utrecht,Utrecht_T2,02:00:00:71:2a:b6,2026-08-11 13:39:56,25.8,52.0859,5.251713,8,Zeist,NL
Utrecht,Utrecht_T2,02:00:00:b9:52:00,2026-08-11 13:30:37,22.6,52.0816383361816,5.2666335105896,8,Zeist,NL
Utrecht,Utrecht_T2,02:00:00:2b:15:76,2026-08-11 13:31:40,23.7,52.081371,5.269217,9,Zeist,NL
Utrecht,Utrecht_T2,02:00:00:c3:d4:02,2026-08-11 13:38:14,23.9,52.081804,5.271518,9,Zeist,NL
Utrecht,Utrecht_T2,02:00:00:2b:1b:b8,2026-08-11 13:33:49,23.1,52.0832,5.3114,16,Zeist,NL
Utrecht,Utrecht_T2,02:00:00:2d:02:84,2026-08-11 13:34:20,25.6,52.0891283153717,5.22022247314453,4,Zeist,NL
Utrecht,Utrecht_T2,02:00:00:be:08:80,2026-08-11 13:38:44,25.3,52.08921,5.23415,4,Zeist,NL
Utrecht,Utrecht_T2,02:00:00:a9:76:24,2026-08-11 13:39:39,25.6,52.0949630737305,5.24057006835938,6,Zeist,NL
Utrecht,Utrecht_T2,02:00:00:3c:dc:8c,2026-08-11 13:30:54,24.1,52.089476,5.247395,8,Zeist,NL
Utrecht,Utrecht_T2,02:00:00:7a:86:6c,2026-08-11 13:34:46,26.4,52.096791,5.223656,6,Zeist,NL
Utrecht,Utrecht_T2,02:00:00:70:52:12,2026-08-11 13:35:31,26.8,52.0989064,5.2171375,7,Zeist,NL
Utrecht,Utrecht_T2,02:00:00:a9:7b:ee,2026-08-11 13:38:21,24.5,52.101676940918,5.22248458862305,7,Zeist,NL
Utrecht,Utrecht_T2,02:00:00:04:8d:d4,2026-08-11 13:37:07,23.5,52.0991028774139,5.24481058252604,6,Zeist,NL
Utrecht,Utrecht_T2,02:00:00:c3:89:70,2026-08-11 13:35:11,25.3,52.09627,5.25480000000008,10,Zeist,NL
Utrecht,Utrecht_T2,02:00:00:b5:7f:6e,2026-08-11 13:35:34,21.8,52.096116,5.275819,16,Zeist,NL
Utrecht,Utrecht_T2,02:00:00:1e:22:fc,2026-08-11 13:37:56,21.7,52.1147665420416,5.23625329385042,10,Zeist,NL
Utrecht,Utrecht_T2,02:00:00:00:cf:e2,2026-08-11 13:33:58,23.4,52.1165564224102,5.27588927533017,26,Zeist,NL
Utrecht,Utrecht_T2,02:00:00:32:d5:b4,2026-08-11 13:32:27,23.4,52.120705,5.242738,11,Zeist,NL
Utrecht,Utrecht_T2,02:00:00:2e:f1:88,2026-08-11 13:31:40,23.3,52.118117,5.282257,18,Soest,NL
Utrecht,Utrecht_T2,02:00:00:58:d1:7c,2026-08-11 13:36:49,27.1,52.1175345595035,5.29194567397049,21,Soest,NL
Utrecht,Utrecht_T2,02:00:00:c3:8d:d4,2026-08-11 13:32:00,25.5,52.122499,5.2877,20,Soest,NL
Utrecht,Utrecht_T2,02:00:00:1c:70:32,2026-08-11 13:33:35,22.5,52.1276989082711,5.20827054977417,6,Bilthoven,NL
Utrecht,Utrecht_T2,02:00:00:83:f8:ea,2026-08-11 13:33:01,24.6,52.130348,5.321519,28,Soest,NL
Utrecht,Utrecht_T2,02:00:00:64:3a:06,2026-08-11 13:36:59,21.5,52.135639,5.211466,8,Bilthoven,NL
Utrecht,Utrecht_T2,02:00:00:b2:c4:4c,2026-08-11 13:31:17,21.3,52.137758,5.221579,12,Bilthoven,NL
Utrecht,Utrecht_T2,02:00:00:33:d9:9a,2026-08-11 13:37:29,21.6,52.134636,5.224104,9,Bilthoven,NL
Utrecht,Utrecht_T2,02:00:00:84:6f:f6,2026-08-11 13:33:29,21.5,52.138655,5.227653,12,Bilthoven,NL
Utrecht,Utrecht_T2,02:00:00:33:0e:72,2026-08-11 13:33:21,21.1,52.137727,5.239356,11,Zeist,NL
Utrecht,Utrecht_T2,02:00:00:a9:7a:0e,2026-08-11 13:31:48,24.2,52.140232,5.0987544,0,Tienhoven,NL
Utrecht,Utrecht_T2,02:00:00:37:12:66,2026-08-11 13:36:13,23.3,52.179145,5.068822,0,Breukeleveen,NL
Utrecht,Utrecht_T2,02:00:00:02:f6:0e,2026-08-11 13:31:25,23.5,52.197652,5.132777,2,Loosdrecht,NL
Utrecht,Utrecht_T2,02:00:00:b0:a9:90,2026-08-11 13:37:50,23.6,52.200455,5.136932,3,Loosdrecht,NL
Utrecht,Utrecht_T2,02:00:00:5f:5a:3c,2026-08-11 13:38:28,24.0,52.203813,5.065594,0,Wijdemeren,NL
Utrecht,Utrecht_T2,02:00:00:64:1b:94,2026-08-11 13:31:23,24.3,52.20692,5.09326999999999,1,Loosdrecht,NL
Utrecht,Utrecht_T2,02:00:00:7a:8e:26,2026-08-11 13:31:46,28.0,52.205303,5.096588,0,Loosdrecht,NL
Utrecht,Utrecht_T2,02:00:00:00:10:50,2026-08-11 13:32:35,23.8,52.2050161837691,5.12837827205658,3,Loosdrecht,NL
Utrecht,Utrecht_T2,02:00:00:3c:ed:a2,2026-08-11 13:34:07,23.2,52.204017,5.140781,2,Loosdrecht,NL
Utrecht,Utrecht_T2,02:00:00:bd:fd:a6,2026-08-11 13:31:43,23.8,52.2087615,5.16269899999998,13,Hilversum,NL
Utrecht,Utrecht_T2,02:00:00:27:70:80,2026-08-11 13:31:54,30.0,52.209459,5.167922,18,Hilversum,NL
Utrecht,Utrecht_T2,02:00:00:b5:4f:02,2026-08-11 13:31:58,22.9,52.2167510750697,5.15140235424042,4,Hilversum,NL
Utrecht,Utrecht_T2,02:00:00:b9:77:1e,2026-08-11 13:39:40,23.9,52.216747,5.156587,6,Hilversum,NL
Utrecht,Utrecht_T2,02:00:00:7a:7b:b6,2026-08-11 13:33:18,26.7,52.216152,5.1599503,9,Hilversum,NL
Utrecht,Utrecht_T2,02:00:00:b5:b0:3c,2026-08-11 13:38:09,24.6,52.2155,5.16047000000006,7,Hilversum,NL
Utrecht,Utrecht_T2,02:00:00:27:9d:5e,2026-08-11 13:37:29,27.9,52.2139047447403,5.17507553100586,15,Hilversum,NL
Utrecht,Utrecht_T2,02:00:00:2c:c0:f8,2026-08-11 13:37:52,22.8,52.215289,5.191587,6,Hilversum,NL
Utrecht,Utrecht_T2,02:00:00:a9:99:4e,2026-08-11 13:32:43,22.1,52.217244,5.19999860000001,6,Hilversum,NL
Utrecht,Utrecht_T2,02:00:00:bc:cd:8a,2026-08-11 13:34:14,23.9,52.2181299999999,5.12974530000001,1,Hilversum,NL
Utrecht,Utrecht_T2,02:00:00:32:e1:fc,2026-08-11 13:35:27,23.7,52.21986,5.138679,0,Hilversum,NL
Utrecht,Utrecht_T2,02:00:00:9c:fe:ea,2026-08-11 13:39:38,22.0,52.221093,5.142468,4,Hilversum,NL
Utrecht,Utrecht_T2,02:00:00:7f:c0:96,2026-08-11 13:34:33,27.0,52.22016524,5.18491051,8,Hilversum,NL
Utrecht,Utrecht_T2,02:00:00:64:32:10,2026-08-11 13:36:01,26.0,52.223183,5.198284,5,Hilversum,NL
Utrecht,Utrecht_T2,02:00:00:9b:49:56,2026-08-11 13:37:55,26.0,52.0555172581761,5.07246375001336,1,Nieuwegein,NL
Utrecht,Utrecht_T2,02:00:00:a4:2e:9e,2026-08-11 13:32:28,24.4,52.057163,5.071938,1,Nieuwegein,NL
Utrecht,Utrecht_T2,02:00:00:a9:c0:b8,2026-08-11 13:31:52,21.4,52.058835,5.135174,4,Utrecht,NL
Utrecht,Utrecht_T2,02:00:00:bd:cd:b0,2026-08-11 13:37:44,23.7,52.061641,5.128472,3,Utrecht,NL
Utrecht,Utrecht_T2,02:00:00:bd:dc:c4,2026-08-11 13:39:41,22.3,52.0630189775525,5.12959063053131,4,Utrecht,NL
Utrecht,Utrecht_T2,02:00:00:2e:c2:fe,2026-08-11 13:36:16,23.4,52.060052,5.134025,4,Utrecht,NL
Utrecht,Utrecht_T2,02:00:00:3e:ec:de,2026-08-11 13:39:31,23.6,52.0628885050208,5.13711911594507,4,Utrecht,NL
Utrecht,Utrecht_T2,02:00:00:28:ec:80,2026-08-11 13:31:37,24.7,52.065526,5.200063,5,Bunnik,NL
Utrecht,Utrecht_T2,02:00:00:63:34:44,2026-08-11 13:37:50,24.3,52.0706,5.0769,0,Utrecht,NL
Utrecht,Utrecht_T2,02:00:00:02:f3:b2,2026-08-11 13:30:57,23.8,52.0684013366699,5.10129976272583,4,Utrecht,NL
Utrecht,Utrecht_T2,02:00:00:02:26:50,2026-08-11 13:38:42,21.8,52.0673127854311,5.1019960641861,3,Utrecht,NL
Utrecht,Utrecht_T2,02:00:00:c2:89:3a,2026-08-11 13:33:46,22.8,52.069,5.1024,4,Utrecht,NL
Utrecht,Utrecht_T2,02:00:00:b5:00:ce,2026-08-11 13:36:54,25.3,52.069854,5.12234250000003,4,Utrecht,NL
Utrecht,Utrecht_T2,02:00:00:1e:2a:90,2026-08-11 13:38:26,24.6,52.070201,5.125238,4,Utrecht,NL
Utrecht,Utrecht_T2,02:00:00:a9:bd:4a,2026-08-11 13:37:00,26.5,52.070733,5.127336,4,Utrecht,NL
Utrecht,Utrecht_T2,02:00:00:65:70:6e,2026-08-11 13:33:56,25.7,52.069762,5.187772,3,Bunnik,NL
Utrecht,Utrecht_T2,02:00:00:1b:06:58,2026-08-11 13:34:10,24.4,52.0673070316701,5.19202797330763,5,Bunnik,NL
Utrecht,Utrecht_T2,02:00:00:83:ec:80,2026-08-11 13:32:48,23.5,52.077263,5.0638604,0,Utrecht,NL
Utrecht,Utrecht_T2,02:00:00:90:d2:70,2026-08-11 13:33:39,23.3,52.081236,5.086788,3,Utrecht,NL
Utrecht,Utrecht_T2,02:00:00:00:ec:e0,2026-08-11 13:37:24,25.8,52.0783359526579,5.11196332515445,6,Utrecht,NL
Utrecht,Utrecht_T2,02:00:00:2f:04:02,2026-08-11 13:34:16,24.4,52.08055,5.122316,6,Utrecht,NL
Utrecht,Utrecht_T2,02:00:00:9c:fc:b4,2026-08-11 13:36:03,24.7,52.0790023803711,5.13050746917725,2,Utrecht,NL
Utrecht,Utrecht_T2,02:00:00:90:79:e6,2026-08-11 13:34:46,23.3,52.07892,5.14051000000002,4,Utrecht,NL
Utrecht,Utrecht_T2,02:00:00:53:25:54,2026-08-11 13:30:53,24.8,52.081985,5.087011,2,Utrecht,NL
Utrecht,Utrecht_T2,02:00:00:01:04:a2,2026-08-11 13:38:50,22.2,52.086276,5.08958300000004,8,Utrecht,NL
Utrecht,Utrecht_T2,02:00:00:5f:20:4a,2026-08-11 13:32:17,28.2,52.0821,5.108,1,Utrecht,NL
Utrecht,Utrecht_T2,02:00:00:b5:08:94,2026-08-11 13:35:16,23.4,52.0842805951218,5.12355080298444,8,Utrecht,NL
Utrecht,Utrecht_T2,02:00:00:52:de:e4,2026-08-11 13:31:58,24.4,52.08746,5.132928,3,Utrecht,NL
Utrecht,Utrecht_T2,02:00:00:02:9c:e4,2026-08-11 13:36:58,22.4,52.088481,5.143561,2,Utrecht,NL
Utrecht,Utrecht_T2,02:00:00:63:37:c0,2026-08-11 13:34:19,21.6,52.0846376741441,5.14990675244556,4,Utrecht,NL
Utrecht,Utrecht_T2,02:00:00:5f:0e:c2,2026-08-11 13:37:04,22.5,52.085453,5.1514635,1,Utrecht,NL
Utrecht,Utrecht_T2,02:00:00:84:9e:e4,2026-08-11 13:39:42,22.3,52.085608,5.153452,1,Utrecht,NL
Utrecht,Utrecht_T2,02:00:00:58:71:a0,2026-08-11 13:39:14,27.7,52.0910855835456,5.06979963657994,0,Utrecht,NL
Utrecht,Utrecht_T2,02:00:00:8d:c3:0e,2026-08-11 13:33:57,26.4,52.09396,5.067146,1,Utrecht,NL
Utrecht,Utrecht_T2,02:00:00:5e:f9:3e,2026-08-11 13:32:36,24.1,52.095,5.06790999999997,2,Utrecht,NL
Utrecht,Utrecht_T2,02:00:00:b5:8a:96,2026-08-11 13:35:33,24.5,52.0890953545022,5.07631123065949,1,Utrecht,NL
Utrecht,Utrecht_T2,02:00:00:02:ab:72,2026-08-11 13:32:58,22.0,52.089195,5.089759,4,Utrecht,NL
Utrecht,Utrecht_T2,02:00:00:70:58:26,2026-08-11 13:37:42,22.8,52.093772,5.087235,3,Utrecht,NL
Utrecht,Utrecht_T2,02:00:00:b5:3c:02,2026-08-11 13:32:51,22.2,52.0945,5.09406000000001,4,Utrecht,NL
Utrecht,Utrecht_T2,02:00:00:b9:42:72,2026-08-11 13:35:43,24.5,52.0899963378906,5.09774255752563,4,Utrecht,NL
Utrecht,Utrecht_T2,02:00:00:52:c7:3e,2026-08-11 13:33:20,27.5,52.090397,5.101962,3,Utrecht,NL
Utrecht,Utrecht_T2,02:00:00:7a:ee:e8,2026-08-11 13:37:52,31.3,52.094554901123,5.10336303710938,4,Utrecht,NL
Utrecht,Utrecht_T2,02:00:00:3c:db:f4,2026-08-11 13:32:42,25.4,52.092422,5.120636,12,Utrecht,NL
Utrecht,Utrecht_T2,02:00:00:bd:cf:26,2026-08-11 13:38:50,22.5,52.0907374,5.12142010000002,18,Utrecht,NL
Utrecht,Utrecht_T2,02:00:00:53:46:a4,2026-08-11 13:32:20,22.9,52.0944421980704,5.12152537487685,9,Utrecht,NL
Utrecht,Utrecht_T2,02:00:00:3a:0b:64,2026-08-11 13:37:23,27.5,52.093664,5.130905,4,Utrecht,NL
Utrecht,Utrecht_T2,02:00:00:5f:20:04,2026-08-11 13:33:11,22.8,52.0938845651776,5.13856323934985,6,Utrecht,NL
Utrecht,Utrecht_T2,02:00:00:c3:a6:ae,2026-08-11 13:34:31,26.0,52.0966653034839,5.07333587462335,0,Utrecht,NL
Utrecht,Utrecht_T2,02:00:00:bd:c5:ea,2026-08-11 13:34:36,21.1,52.1026685527433,5.09375521405393,1,Utrecht,NL
Utrecht,Utrecht_T2,02:00:00:02:bd:78,2026-08-11 13:31:25,23.2,52.1013615,5.09969620000004,3,Utrecht,NL
Utrecht,Utrecht_T2,02:00:00:52:d7:a4,2026-08-11 13:38:46,26.7,52.101415,5.10791,5,Utrecht,NL
Utrecht,Utrecht_T2,02:00:00:28:df:e8,2026-08-11 13:39:01,23.3,52.09981,5.11318999999998,4,Utrecht,NL
Utrecht,Utrecht_T2,02:00:00:b5:97:f6,2026-08-11 13:32:51,24.1,52.100982,5.113231,4,Utrecht,NL
Utrecht,Utrecht_T2,02:00:00:74:7c:d8,2026-08-11 13:34:54,26.7,52.101892,5.11485,3,Utrecht,NL
Utrecht,Utrecht_T2,02:00:00:3c:f5:5e,2026-08-11 13:37:18,23.7,52.095871,5.131864,3,Utrecht,NL
Utrecht,Utrecht_T2,02:00:00:a4:41:f0,2026-08-11 13:31:26,24.9,52.10156,5.1217494,3,Utrecht,NL
Utrecht,Utrecht_T2,02:00:00:b4:ee:1a,2026-08-11 13:36:46,23.1,52.099659,5.124221,4,Utrecht,NL
Utrecht,Utrecht_T2,02:00:00:29:5e:d2,2026-08-11 13:39:37,21.5,52.097858,5.137552,1,Utrecht,NL
Utrecht,Utrecht_T2,02:00:00:01:91:12,2026-08-11 13:37:36,22.4,52.096668,5.141989,6,Utrecht,NL
Utrecht,Utrecht_T2,02:00:00:28:cf:22,2026-08-11 13:33:55,22.9,52.107056,5.121125,2,Utrecht,NL
Utrecht,Utrecht_T2,02:00:00:9c:e4:3c,2026-08-11 13:30:13,22.2,52.103779,5.12255,4,Utrecht,NL
Utrecht,Utrecht_T2,02:00:00:03:ca:56,2026-08-11 13:34:26,20.8,52.106408,5.125732,3,Utrecht,NL
Utrecht,Utrecht_T2,02:00:00:b5:0b:b6,2026-08-11 13:32:23,24.0,52.1083564758301,5.13924789428711,2,Utrecht,NL
Utrecht,Utrecht_T2,02:00:00:7f:c5:ac,2026-08-11 13:35:39,21.8,52.106043,5.143182,5,Utrecht,NL
Utrecht,Utrecht_T2,02:00:00:58:d2:58,2026-08-11 13:34:45,26.4,52.104095,5.144752,0,Utrecht,NL
Utrecht,Utrecht_T2,02:00:00:14:60:ec,2026-08-11 13:31:24,24.9,52.106249,5.171551,3,De Bilt,NL
Utrecht,Utrecht_T2,02:00:00:a2:02:8a,2026-08-11 13:39:19,25.0,52.106261,5.177714,5,De Bilt,NL
Utrecht,Utrecht_T2,02:00:00:a2:38:90,2026-08-11 13:34:34,26.2,52.107,5.1878,6,De Bilt,NL
Utrecht,Utrecht_T2,02:00:00:70:4e:ba,2026-08-11 13:34:33,27.0,52.112316,5.090597,1,Utrecht,NL
Utrecht,Utrecht_T2,02:00:00:01:d1:6c,2026-08-11 13:34:14,28.7,52.1147232055664,5.11503601074219,7,Utrecht,NL
Utrecht,Utrecht_T2,02:00:00:a9:a9:ac,2026-08-11 13:33:38,24.1,52.11504,5.11446000000007,4,Utrecht,NL
Utrecht,Utrecht_T2,02:00:00:7b:00:16,2026-08-11 13:32:15,26.3,52.116092,5.116809,5,Utrecht,NL
Utrecht,Utrecht_T2,02:00:00:33:fc:c2,2026-08-11 13:35:01,22.3,52.112909,5.143128,1,Utrecht,NL
Utrecht,Utrecht_T2,02:00:00:a2:28:d4,2026-08-11 13:38:50,25.1,52.11298,5.176283,3,De Bilt,NL
Utrecht,Utrecht_T2,02:00:00:74:4f:c6,2026-08-11 13:35:15,25.1,52.114273,5.1778874,5,De Bilt,NL
Utrecht,Utrecht_T2,02:00:00:37:16:9a,2026-08-11 13:32:45,21.6,52.1209042,5.0716415,1,Utrecht,NL
Utrecht,Utrecht_T2,02:00:00:b5:07:da,2026-08-11 13:33:08,25.1,52.1185,5.0885,0,Utrecht,NL
Utrecht,Utrecht_T2,02:00:00:9d:2a:ee,2026-08-11 13:38:06,25.5,52.1226012257881,5.09323120411752,2,Utrecht,NL
Utrecht,Utrecht_T2,02:00:00:a9:78:64,2026-08-11 13:39:09,26.4,52.12185,5.114306,4,Utrecht,NL
Utrecht,Utrecht_T2,02:00:00:63:2e:78,2026-08-11 13:37:23,24.4,52.124311,5.149015,3,Groenekan,NL
Utrecht,Utrecht_T2,02:00:00:74:0c:be,2026-08-11 13:36:04,24.4,52.118581,5.18077,3,Bilthoven,NL
Utrecht,Utrecht_T2,02:00:00:2e:bd:ce,2026-08-11 13:38:55,24.5,52.122233,5.200776,10,Bilthoven,NL
Utrecht,Utrecht_T2,02:00:00:a4:87:ec,2026-08-11 13:35:30,22.9,52.1316666043838,5.09194861301635,0,Utrecht,NL
Utrecht,Utrecht_T2,02:00:00:7f:b2:0e,2026-08-11 13:36:02,21.7,52.127119,5.100939,4,Utrecht,NL
Utrecht,Utrecht_T2,02:00:00:b5:6e:3a,2026-08-11 13:32:30,21.1,52.124991,5.158267,4,De Bilt,NL
Utrecht,Utrecht_T2,02:00:00:a2:45:c2,2026-08-11 13:31:30,25.1,52.130604,5.188466,5,Bilthoven,NL
Utrecht,Utrecht_T2,02:00:00:b5:a7:2c,2026-08-11 13:33:24,26.7,52.12492,5.1931024,5,Bilthoven,NL
Utrecht,Utrecht_T2,02:00:00:33:2d:6a,2026-08-11 13:31:00,25.3,52.1263389,5.1944393,6,De Bilt,NL
Utrecht,Utrecht_T2,02:00:00:36:a3:68,2026-08-11 13:32:46,23.7,52.12822,5.20124999999999,8,Bilthoven,NL
Utrecht,Utrecht_T2,02:00:00:7a:ff:64,2026-08-11 13:36:10,24.9,52.132211,5.197475,3,Bilthoven,NL
Utrecht,Utrecht_T4,02:00:00:6b:3d:f0,2026-08-11 13:38:21,25.8,51.97041,5.3251667,4,Wijk bij Duurstede,NL
Utrecht,Utrecht_T4,02:00:00:af:66:ac,2026-08-11 13:37:30,24.3,51.9718856811523,5.32466840744019,6,Wijk bij Duurstede,NL
Utrecht,Utrecht_T4,02:00:00:bd:e6:3e,2026-08-11 13:40:25,23.7,51.975275,5.26539600000004,4,Wijk bij Duurstede,NL
Utrecht,Utrecht_T4,02:00:00:b9:7e:bc,2026-08-11 13:33:11,24.3,51.9745712280273,5.32293891906738,4,Wijk bij Duurstede,NL
Utrecht,Utrecht_T4,02:00:00:13:80:bc,2026-08-11 13:31:54,26.0,51.973609,5.3299,8,Wijk bij Duurstede,NL
Utrecht,Utrecht_T4,02:00:00:a4:63:b8,2026-08-11 13:30:37,25.2,51.97438,5.330925,6,Wijk bij Duurstede,NL
Utrecht,Utrecht_T4,02:00:00:5f:31:b2,2026-08-11 13:36:11,21.9,51.994175,5.309416,4,Wijk bij Duurstede,NL
Utrecht,Utrecht_T4,02:00:00:36:9b:82,2026-08-11 13:40:03,24.5,51.999313,5.289134,3,Wijk bij Duurstede,NL
Utrecht,Utrecht_T4,02:00:00:7f:9c:a8,2026-08-11 13:34:58,22.7,51.997831,5.305377,3,Wijk bij Duurstede,NL
Utrecht,Utrecht_T4,02:00:00:90:f2:7e,2026-08-11 13:37:03,24.9,51.99773,5.309787,5,Wijk bij Duurstede,NL
Utrecht,Utrecht_T4,02:00:00:a9:e1:5e,2026-08-11 13:40:04,22.4,52.0263927164212,5.24514555931091,5,Werkhoven,NL
Utrecht,Utrecht_T4,02:00:00:7a:eb:c2,2026-08-11 13:35:10,24.6,52.036995,5.3325458,13,Doorn,NL
Utrecht,Utrecht_T4,02:00:00:a2:48:d0,2026-08-11 13:33:26,22.8,52.0388313921198,5.32877147197723,13,Doorn,NL
Utrecht,Utrecht_T4,02:00:00:af:5d:be,2026-08-11 13:37:44,22.0,52.0412,5.3359,11,Doorn,NL
Utrecht,Utrecht_T4,02:00:00:36:d9:b6,2026-08-11 13:37:44,24.3,52.048683,5.221462,1,Odijk,NL
Utrecht,Utrecht_T4,02:00:00:b5:84:ee,2026-08-11 13:33:37,25.9,52.0466380367294,5.26715040206909,4,Driebergen-Rijsenburg,NL
Utrecht,Utrecht_T4,02:00:00:70:1a:66,2026-08-11 13:32:29,22.2,52.047715,5.278042,4,Driebergen-Rijsenburg,NL
Utrecht,Utrecht_T4,02:00:00:70:20:ea,2026-08-11 13:33:39,24.7,52.049884,5.282535,6,Driebergen-Rijsenburg,NL
Utrecht,Utrecht_T4,02:00:00:7a:fc:c0,2026-08-11 13:34:30,26.3,51.985681,5.077175,5,Vianen,NL
Utrecht,Utrecht_T4,02:00:00:bc:e5:5a,2026-08-11 13:37:26,25.1,51.985033,5.080696,3,Vianen,NL
Utrecht,Utrecht_T4,02:00:00:af:80:9e,2026-08-11 13:32:49,27.2,51.984738,5.086291,2,Vianen,NL
Utrecht,Utrecht_T4,02:00:00:31:ed:ec,2026-08-11 13:35:45,23.8,51.983323,5.093653,2,Vianen,NL
Utrecht,Utrecht_T4,02:00:00:7f:8d:c4,2026-08-11 13:33:02,22.1,51.9830332883009,5.12328207492826,3,Hagestein,NL
Utrecht,Utrecht_T4,02:00:00:b2:b1:fc,2026-08-11 13:35:22,26.3,51.9884779,5.07393630000002,2,Vianen,NL
Utrecht,Utrecht_T4,02:00:00:b9:1e:ca,2026-08-11 13:34:40,25.3,51.9914952649266,5.10561422229253,2,Vianen,NL
Utrecht,Utrecht_T4,02:00:00:af:60:8a,2026-08-11 13:30:22,25.3,51.991964,5.118164,1,Hoef en Haag,NL
Utrecht,Utrecht_T4,02:00:00:52:ed:28,2026-08-11 13:38:55,28.0,51.993881,5.120075,3,Hoef en Haag,NL
Utrecht,Utrecht_T4,02:00:00:a9:87:e4,2026-08-11 13:34:17,29.2,51.9912528991699,5.12258720397949,0,Hoef en Haag,NL
Utrecht,Utrecht_T4,02:00:00:28:d9:60,2026-08-11 13:33:41,25.9,52.008254895269,5.07912755012512,1,Nieuwegein,NL
Utrecht,Utrecht_T4,02:00:00:ab:df:d2,2026-08-11 13:35:52,25.9,52.0028160778323,5.0815361738205,8,Nieuwegein,NL
Utrecht,Utrecht_T4,02:00:00:06:71:46,2026-08-11 13:30:46,25.4,52.0032156734361,5.08314549922943,8,Nieuwegein,NL
Utrecht,Utrecht_T4,02:00:00:2f:21:6e,2026-08-11 13:30:59,27.8,52.00266,5.08989000000006,7,Nieuwegein,NL
Utrecht,Utrecht_T4,02:00:00:05:88:3e,2026-08-11 13:40:26,22.5,52.0059471130371,5.09136486053467,0,Nieuwegein,NL
Utrecht,Utrecht_T4,02:00:00:28:f1:f2,2026-08-11 13:32:02,24.2,52.004566,5.0946593,5,Nieuwegein,NL
Utrecht,Utrecht_T4,02:00:00:af:32:52,2026-08-11 13:31:02,24.8,52.0100655920947,5.07965231726042,3,Nieuwegein,NL
Utrecht,Utrecht_T4,02:00:00:58:b3:02,2026-08-11 13:32:28,24.2,52.010572,5.08619999999997,1,Nieuwegein,NL
Utrecht,Utrecht_T4,02:00:00:c3:96:50,2026-08-11 12:59:11,23.2,52.0121,5.0976,0,Nieuwegein,NL
Utrecht,Utrecht_T4,02:00:00:bc:e4:84,2026-08-11 13:34:05,24.0,52.0147933959961,5.09334754943848,1,Nieuwegein,NL
Utrecht,Utrecht_T4,02:00:00:bc:aa:ca,2026-08-11 13:32:10,25.6,52.0104637145996,5.09828901290894,1,Nieuwegein,NL
Utrecht,Utrecht_T4,02:00:00:2c:96:ec,2026-08-11 13:32:27,24.3,52.0109091557339,5.09877757132759,0,Nieuwegein,NL
Utrecht,Utrecht_T4,02:00:00:31:f0:4e,2026-08-11 13:37:58,27.5,52.010011,5.102632,4,Nieuwegein,NL
Utrecht,Utrecht_T4,02:00:00:12:63:b8,2026-08-11 13:38:27,23.8,52.0151322,5.16602090000003,0,Houten,NL
Utrecht,Utrecht_T4,02:00:00:2e:9a:ba,2026-08-11 13:31:19,26.1,52.015831,5.165842,0,Houten,NL
Utrecht,Utrecht_T4,02:00:00:33:c8:80,2026-08-11 13:31:03,22.2,52.012465,5.168464,0,Houten,NL
Utrecht,Utrecht_T4,02:00:00:a2:03:fe,2026-08-11 13:36:01,25.2,52.013622,5.186657,3,Houten,NL
Utrecht,Utrecht_T4,02:00:00:33:c3:4a,2026-08-11 13:38:47,23.6,52.014978,5.187588,1,Houten,NL
Utrecht,Utrecht_T4,02:00:00:84:57:1c,2026-08-11 13:34:57,26.9,52.0224339,5.080256,0,Nieuwegein,NL
Utrecht,Utrecht_T4,02:00:00:84:0a:b8,2026-08-11 13:37:03,22.2,52.0213096,5.1495568,0,Houten,NL
Utrecht,Utrecht_T4,02:00:00:c3:d0:08,2026-08-11 13:32:00,22.6,52.02109,5.159084,3,Houten,NL
Utrecht,Utrecht_T4,02:00:00:1e:1f:c2,2026-08-11 13:35:13,25.8,52.0217800772731,5.16331951003446,0,Houten,NL
Utrecht,Utrecht_T4,02:00:00:b5:8f:e6,2026-08-11 13:37:27,24.1,52.018731,5.165264,1,Houten,NL
Utrecht,Utrecht_T4,02:00:00:12:cb:34,2026-08-11 13:39:55,26.3,52.019136,5.170292,2,Houten,NL
Utrecht,Utrecht_T4,02:00:00:c2:84:82,2026-08-11 13:32:17,24.0,52.019263,5.17283,2,Houten,NL
Utrecht,Utrecht_T4,02:00:00:58:e4:24,2026-08-11 13:37:48,26.1,52.016465,5.1768259,2,Houten,NL
Utrecht,Utrecht_T4,02:00:00:74:5a:e8,2026-08-11 13:33:41,27.8,52.020733,5.186188,3,Houten,NL
Utrecht,Utrecht_T4,02:00:00:74:3b:36,2026-08-11 13:30:20,23.0,52.0223,5.1895,0,Houten,NL
Utrecht,Utrecht_T4,02:00:00:bd:f9:48,2026-08-11 13:39:14,25.3,52.0223,5.1895,0,Houten,NL
Utrecht,Utrecht_T4,02:00:00:04:93:06,2026-08-11 13:33:49,25.6,52.0289905,5.07187920000001,4,Nieuwegein,NL
Utrecht,Utrecht_T4,02:00:00:a4:88:28,2026-08-11 13:32:21,26.2,52.0269966125488,5.08844327926636,1,Nieuwegein,NL
Utrecht,Utrecht_T4,02:00:00:05:4b:50,2026-08-11 13:36:20,31.4,52.0289077758789,5.09456300735474,2,Nieuwegein,NL
Utrecht,Utrecht_T4,02:00:00:32:db:f2,2026-08-11 13:31:55,23.3,52.0269902,5.1541533,3,Houten,NL
Utrecht,Utrecht_T4,02:00:00:01:06:72,2026-08-11 13:37:58,24.6,52.028621673584,5.15482234954834,2,Houten,NL
Utrecht,Utrecht_T4,02:00:00:33:19:c6,2026-08-11 13:35:54,24.3,52.0243587320194,5.18782782552989,4,Houten,NL
Utrecht,Utrecht_T4,02:00:00:a2:16:ca,2026-08-11 13:30:33,23.0,52.0239254,5.1937902,4,Houten,NL
Utrecht,Utrecht_T4,02:00:00:58:f8:20,2026-08-11 13:35:50,25.0,52.026073,5.1916294,2,Houten,NL
Utrecht,Utrecht_T4,02:00:00:2b:24:a4,2026-08-11 13:32:25,23.7,52.031801,5.068737,2,Nieuwegein,NL
Utrecht,Utrecht_T4,02:00:00:12:f7:00,2026-08-11 13:38:47,26.9,52.033787,5.08994400000002,2,Nieuwegein,NL
Utrecht,Utrecht_T4,02:00:00:70:44:b6,2026-08-11 13:34:57,28.4,52.031138,5.153576,3,Houten,NL
Utrecht,Utrecht_T4,02:00:00:a4:45:fc,2026-08-11 13:35:18,24.7,52.036554,5.148482,3,Houten,NL
Utrecht,Utrecht_T4,02:00:00:74:59:5e,2026-08-11 13:32:54,22.9,52.032651,5.150862,2,Houten,NL
Utrecht,Utrecht_T4,02:00:00:ab:dd:0a,2026-08-11 13:31:21,24.2,52.0323257446289,5.16029739379883,3,Houten,NL
Utrecht,Utrecht_T4,02:00:00:6b:2a:78,2026-08-11 13:30:40,22.5,52.0377721438269,5.16268372535706,3,Houten,NL
Utrecht,Utrecht_T4,02:00:00:b5:88:ca,2026-08-11 13:30:28,21.9,52.0330682,5.1643068,2,Houten,NL
Utrecht,Utrecht_T4,02:00:00:5f:4f:c8,2026-08-11 13:38:17,24.0,52.035129,5.182718,4,Houten,NL
Utrecht,Utrecht_T4,02:00:00:28:c7:0c,2026-08-11 13:39:42,21.8,52.037256,5.182483,2,Houten,NL
Utrecht,Utrecht_T4,02:00:00:12:64:3c,2026-08-11 13:30:59,28.6,52.042369,5.07917,3,Nieuwegein,NL
Utrecht,Utrecht_T4,02:00:00:53:1e:a0,2026-08-11 13:34:49,25.6,52.0402059772848,5.10207018160772,3,Nieuwegein,NL
Utrecht,Utrecht_T4,02:00:00:63:0f:fc,2026-08-11 13:38:53,26.5,52.043643951416,5.09791469573975,3,Nieuwegein,NL
Utrecht,Utrecht_T4,02:00:00:3f:0f:d8,2026-08-11 13:38:32,23.5,52.0384495763292,5.15799684264228,3,Houten,NL
Utrecht,Utrecht_T4,02:00:00:70:3c:28,2026-08-11 13:37:20,21.3,52.0407289705737,5.167678504783,4,Houten,NL
Utrecht,Utrecht_T4,02:00:00:02:95:d6,2026-08-11 13:35:14,23.0,52.0402984619141,5.17449998855591,2,Houten,NL
Utrecht,Utrecht_T4,02:00:00:69:27:06,2026-08-11 13:30:37,24.8,52.040443,5.176922,4,Houten,NL
Utrecht,Utrecht_T4,02:00:00:b5:93:ca,2026-08-11 13:32:22,24.3,52.0392990112305,5.18340015411377,5,Houten,NL
Utrecht,Utrecht_T4,02:00:00:3f:58:86,2026-08-11 13:31:38,24.2,52.0481972904497,5.06761884202619,1,Nieuwegein,NL
Utrecht,Utrecht_T4,02:00:00:5f:01:94,2026-08-11 13:37:42,24.7,52.0484008789062,5.06870937347412,1,Nieuwegein,NL
Utrecht,Utrecht_T4,02:00:00:70:2b:d4,2026-08-11 13:36:29,28.9,52.045972,5.07087,1,Nieuwegein,NL
Utrecht,Utrecht_T4,02:00:00:a2:79:5e,2026-08-11 13:39:43,28.7,52.0471801757812,5.09753036499023,1,Nieuwegein,NL
Utrecht,Utrecht_T4,02:00:00:02:81:ca,2026-08-11 13:38:49,28.8,52.051337,5.095642,5,Nieuwegein,NL
Amsterdam,Amsterdam_T1,02:00:00:1b:0b:da,2026-08-11 13:38:59,26.2,52.49417,4.78894000000004,2,Wormerveer,NL
Amsterdam,Amsterdam_T1,02:00:00:12:61:86,2026-08-11 13:36:52,28.4,52.4917057073896,4.80021612200147,2,Wormer,NL
Amsterdam,Amsterdam_T1,02:00:00:c2:84:0a,2026-08-11 13:32:25,26.1,52.4948445773121,4.79308347650687,2,Wormerveer,NL
Amsterdam,Amsterdam_T1,02:00:00:65:83:02,2026-08-11 13:31:52,23.9,52.4834613,4.80601730000005,1,Wormerveer,NL
Amsterdam,Amsterdam_T1,02:00:00:a4:18:7c,2026-08-11 13:37:27,30.5,52.493057,4.807123,0,Wormer,NL
Amsterdam,Amsterdam_T1,02:00:00:53:50:2a,2026-08-11 13:30:01,23.1,52.496266,4.819022,1,Wormer,NL
Amsterdam,Amsterdam_T1,02:00:00:8d:d0:7c,2026-08-11 13:34:47,23.9,52.490391116113,4.92924329763459,0,Purmerend,NL
Amsterdam,Amsterdam_T1,02:00:00:58:f7:dc,2026-08-11 13:38:04,22.6,52.496575,4.927704,0,Purmerend,NL
Amsterdam,Amsterdam_T1,02:00:00:90:de:c8,2026-08-11 13:32:38,24.2,52.496476,4.927973,0,Purmerend,NL
Amsterdam,Amsterdam_T1,02:00:00:9c:d8:1a,2026-08-11 13:34:20,22.1,52.4915202,4.96165890000017,0,Purmerend,NL
Amsterdam,Amsterdam_T1,02:00:00:c3:93:f6,2026-08-11 13:37:16,23.9,52.49484,4.946418,0,Purmerend,NL
Amsterdam,Amsterdam_T1,02:00:00:74:30:70,2026-08-11 13:31:30,21.8,52.495717,4.951841,0,Purmerend,NL
Amsterdam,Amsterdam_T1,02:00:00:c6:15:e2,2026-08-11 13:38:14,23.5,52.488234762816,4.97100975471119,0,Purmerend,NL
Amsterdam,Amsterdam_T1,02:00:00:36:99:3e,2026-08-11 13:33:40,22.0,52.4873166828203,4.97366015893508,0,Purmerend,NL
Amsterdam,Amsterdam_T1,02:00:00:33:e1:40,2026-08-11 13:38:23,22.5,52.488644,4.9737200000001,0,Purmerend,NL
Amsterdam,Amsterdam_T1,02:00:00:02:f5:96,2026-08-11 13:34:58,22.0,52.496988,5.050034,0,Volendam,NL
Amsterdam,Amsterdam_T1,02:00:00:1c:6d:42,2026-08-11 13:39:50,21.9,52.500429,4.8242,1,Wormer,NL
Amsterdam,Amsterdam_T1,02:00:00:a4:41:de,2026-08-11 13:40:17,21.5,52.4998027881579,4.82577238512022,0,Wormer,NL
Amsterdam,Amsterdam_T1,02:00:00:70:52:6c,2026-08-11 13:32:43,22.8,52.509555,4.84741,0,Jisp,NL
Amsterdam,Amsterdam_T1,02:00:00:b5:b8:40,2026-08-11 13:31:09,26.2,52.5068085021421,4.91711662457473,0,Neck,NL
Amsterdam,Amsterdam_T1,02:00:00:9d:13:34,2026-08-11 13:38:47,25.7,52.498358,4.94377,0,Purmerend,NL
Amsterdam,Amsterdam_T1,02:00:00:b5:86:1a,2026-08-11 13:34:01,22.2,52.499132,4.950515,0,Purmerend,NL
Amsterdam,Amsterdam_T1,02:00:00:1d:eb:96,2026-08-11 13:38:45,22.4,52.505266,4.949082,1,Purmerend,NL
Amsterdam,Amsterdam_T1,02:00:00:3c:17:de,2026-08-11 13:39:38,21.6,52.499863,4.957068,0,Purmerend,NL
Amsterdam,Amsterdam_T1,02:00:00:01:fd:6c,2026-08-11 13:39:53,22.4,52.5106950810046,4.97425221656761,0,Purmerend,NL
Amsterdam,Amsterdam_T1,02:00:00:01:cb:8a,2026-08-11 13:36:21,25.1,52.500789,4.986087,0,Purmerend,NL
Amsterdam,Amsterdam_T1,02:00:00:b2:a8:8a,2026-08-11 13:40:23,24.0,52.5045,4.9867,0,Purmerend,NL
Amsterdam,Amsterdam_T1,02:00:00:7a:ea:00,2026-08-11 13:39:20,22.6,52.510647,4.9936514,0,Purmerend,NL
Amsterdam,Amsterdam_T1,02:00:00:1f:3e:84,2026-08-11 13:33:46,24.7,52.504946,5.05026,0,Edam-Volendam,NL
Amsterdam,Amsterdam_T1,02:00:00:6b:56:92,2026-08-11 13:35:43,24.7,52.5107399131418,5.05132626109,2,Edam,NL
Amsterdam,Amsterdam_T1,02:00:00:ab:f4:ec,2026-08-11 13:34:28,21.6,52.503962,5.060446,0,Volendam,NL
Amsterdam,Amsterdam_T1,02:00:00:7f:af:0c,2026-08-11 13:33:07,20.5,52.514489,4.963296,0,Purmerend,NL
Amsterdam,Amsterdam_T1,02:00:00:70:1b:98,2026-08-11 13:35:16,21.9,52.518831,4.948998,0,Zuidoostbeemster,NL
Amsterdam,Amsterdam_T1,02:00:00:14:48:40,2026-08-11 13:34:16,23.3,52.514999,4.952826,0,Purmerend,NL
Amsterdam,Amsterdam_T1,02:00:00:2e:ec:0a,2026-08-11 13:32:45,22.3,52.513165,4.985127,0,Purmerend,NL
Amsterdam,Amsterdam_T1,02:00:00:7a:a3:b2,2026-08-11 13:35:42,20.7,52.52057,4.9764185,0,Purmerend,NL
Amsterdam,Amsterdam_T1,02:00:00:a4:43:5c,2026-08-11 13:40:21,25.7,52.51412,5.05999,1,Edam,NL
Amsterdam,Amsterdam_T1,02:00:00:5f:01:22,2026-08-11 13:33:44,21.6,52.526959,4.887042,0,Beemster,NL
Amsterdam,Amsterdam_T1,02:00:00:2b:22:ba,2026-08-11 13:37:19,20.9,52.528348,4.978256,1,Kwadijk,NL
Amsterdam,Amsterdam_T1,02:00:00:2f:2a:40,2026-08-11 13:34:16,20.1,52.54467,4.81628,0,Alkmaar,NL
Amsterdam,Amsterdam_T1,02:00:00:a2:13:1c,2026-08-11 13:31:07,28.3,52.558278,4.84079299999996,0,De Rijp,NL
Amsterdam,Amsterdam_T1,02:00:00:c3:cf:e8,2026-08-11 13:38:29,28.1,52.55496,4.848112,0,De Rijp,NL
Amsterdam,Amsterdam_T1,02:00:00:5e:d1:f0,2026-08-11 13:39:49,22.4,52.557323,4.95315,0,Middenbeemster,NL
Amsterdam,Amsterdam_T1,02:00:00:bd:cf:d4,2026-08-11 13:35:00,21.6,52.583034,4.850177,1,Grootschermer,NL
Amsterdam,Amsterdam_T1,02:00:00:18:fe:32,2026-08-11 13:30:46,27.2,52.589092,4.889988,0,Noordbeemster,NL
Amsterdam,Amsterdam_T1,02:00:00:5e:e2:a2,2026-08-11 13:35:28,24.1,52.590799,4.99267889999998,0,Beets,NL
Amsterdam,Amsterdam_T1,02:00:00:a9:e7:3e,2026-08-11 13:31:47,22.1,52.5977249145508,4.80700254440308,0,Zuidschermer,NL
Amsterdam,Amsterdam_T1,02:00:00:a9:9a:0e,2026-08-11 13:33:32,22.8,52.60907,4.82852,0,Stompetoren,NL
Amsterdam,Amsterdam_T1,02:00:00:00:5c:fe,2026-08-11 13:40:21,25.1,52.611835,4.819923,0,Stompetoren,NL
Amsterdam,Amsterdam_T1,02:00:00:a2:05:f0,2026-08-11 13:40:19,23.7,52.61378,4.8226314,0,Stompetoren,NL
Amsterdam,Amsterdam_T1,02:00:00:b5:9f:ce,2026-08-11 13:30:55,23.1,52.616386,4.82743400000004,0,Stompetoren,NL
Amsterdam,Amsterdam_T1,02:00:00:3c:f7:c6,2026-08-11 13:32:03,21.7,52.617355,4.951664,0,Avenhorn,NL
Amsterdam,Amsterdam_T1,02:00:00:6b:31:7e,2026-08-11 13:32:52,21.8,52.634415,4.8763695,0,Rustenburg,NL
Amsterdam,Amsterdam_T1,02:00:00:36:d3:84,2026-08-11 13:34:22,24.6,52.636567,4.911496,0,Ursem,NL
Amsterdam,Amsterdam_T1,02:00:00:05:f7:7a,2026-08-11 13:34:08,26.0,52.6322945249135,4.94891703128815,0,De Goorn,NL
Amsterdam,Amsterdam_T1,02:00:00:9d:00:22,2026-08-11 13:31:03,21.4,52.6390495300293,4.98681020736694,0,Berkhout,NL
Amsterdam,Amsterdam_T1,02:00:00:58:dd:3c,2026-08-11 13:37:55,26.1,52.6367146407962,5.02217284801564,0,Hoorn,NL
Amsterdam,Amsterdam_T1,02:00:00:31:d8:fc,2026-08-11 13:34:31,23.4,52.6358,5.035,1,Hoorn,NL
Amsterdam,Amsterdam_T1,02:00:00:7f:aa:9a,2026-08-11 13:37:51,25.4,52.6374130249023,5.03559350967407,0,Hoorn,NL
Amsterdam,Amsterdam_T1,02:00:00:70:4e:d8,2026-08-11 13:38:04,27.2,52.635018,5.055994,2,Hoorn,NL
Amsterdam,Amsterdam_T1,02:00:00:12:5a:d0,2026-08-11 13:33:25,23.1,52.6491675042269,4.78180266103391,0,Alkmaar,NL
Amsterdam,Amsterdam_T1,02:00:00:8d:c8:3e,2026-08-11 13:39:21,24.6,52.6458,4.8165,0,Heerhugowaard,NL
Amsterdam,Amsterdam_T1,02:00:00:70:45:b4,2026-08-11 13:33:33,21.0,52.6408805482461,4.82286089912765,0,Heerhugowaard,NL
Amsterdam,Amsterdam_T1,02:00:00:3f:78:02,2026-08-11 13:33:30,26.7,52.650978,4.819594,0,Heerhugowaard,NL
Amsterdam,Amsterdam_T1,02:00:00:73:a4:18,2026-08-11 13:36:34,29.0,52.651179,4.836669,0,Heerhugowaard,NL
Amsterdam,Amsterdam_T1,02:00:00:84:a4:8a,2026-08-11 13:32:07,23.4,52.65307,4.842089,0,Heerhugowaard,NL
Amsterdam,Amsterdam_T1,02:00:00:12:ae:72,2026-08-11 13:33:52,23.3,52.642342,5.006524,-2,Koggenland,NL
Amsterdam,Amsterdam_T1,02:00:00:ab:e2:60,2026-08-11 13:38:41,29.3,52.6533337948181,5.00276838610966,0,Berkhout,NL
Amsterdam,Amsterdam_T1,02:00:00:bd:f8:2a,2026-08-11 13:33:44,25.0,52.6404246842747,5.01088078453655,0,Berkhout,NL
Amsterdam,Amsterdam_T1,02:00:00:9c:d8:4c,2026-08-11 13:40:24,23.5,52.6397171020508,5.02440643310547,0,Hoorn,NL
Amsterdam,Amsterdam_T1,02:00:00:1d:fd:b8,2026-08-11 13:35:22,21.0,52.6441,5.051928,0,Haarlemmermeer,NL
Amsterdam,Amsterdam_T1,02:00:00:1f:4d:3c,2026-08-11 13:33:57,26.9,52.640192,5.056347,2,Hoorn,NL
Amsterdam,Amsterdam_T1,02:00:00:a2:62:b0,2026-08-11 13:36:41,19.8,52.644273,5.058899,0,Hoorn,NL
Amsterdam,Amsterdam_T1,02:00:00:6b:8c:40,2026-08-11 13:33:09,23.2,52.314831,4.863595,0,Amstelveen,NL
Amsterdam,Amsterdam_T1,02:00:00:05:4b:44,2026-08-11 13:31:19,21.5,52.311724,4.866482,0,Amstelveen,NL
Amsterdam,Amsterdam_T1,02:00:00:3d:0e:66,2026-08-11 13:35:04,23.1,52.3116821436819,4.86693327521717,0,Amstelveen,NL
Amsterdam,Amsterdam_T1,02:00:00:2f:24:f4,2026-08-11 13:35:46,23.0,52.3131760328984,4.9050662899177,0,Amstelveen,NL
Amsterdam,Amsterdam_T1,02:00:00:90:ba:a6,2026-08-11 13:33:18,21.8,52.3243254,4.945702,1,Amsterdam,NL
Amsterdam,Amsterdam_T1,02:00:00:64:f4:40,2026-08-11 13:35:33,25.5,52.323489,4.949922,0,Amsterdam,NL
Amsterdam,Amsterdam_T1,02:00:00:a9:c7:92,2026-08-11 13:37:03,22.7,52.3181934768859,4.99123257230989,0,Amsterdam,NL
Amsterdam,Amsterdam_T1,02:00:00:b9:52:60,2026-08-11 13:38:14,21.1,52.3166694641113,5.02612543106079,0,Weesp,NL
Amsterdam,Amsterdam_T1,02:00:00:73:a6:c6,2026-08-11 13:30:48,20.2,52.314064,5.0302644,4,Weesp,NL
Amsterdam,Amsterdam_T1,02:00:00:52:d8:ce,2026-08-11 13:30:21,22.7,52.3187292818219,5.03482381473692,0,Weesp,NL
Amsterdam,Amsterdam_T1,02:00:00:9c:e0:8c,2026-08-11 13:30:39,29.8,52.31591,5.04735999999998,0,Weesp,NL
Amsterdam,Amsterdam_T1,02:00:00:1e:02:e4,2026-08-11 13:34:38,25.3,52.317602,5.04012000000006,0,Weesp,NL
Amsterdam,Amsterdam_T1,02:00:00:a2:21:4c,2026-08-11 13:31:08,22.1,52.3212356567383,5.04339694976807,0,Weesp,NL
Amsterdam,Amsterdam_T1,02:00:00:8d:e3:a0,2026-08-11 13:30:40,25.9,52.333433,4.791664,0,Badhoevedorp,NL
Amsterdam,Amsterdam_T1,02:00:00:8d:d6:dc,2026-08-11 13:37:51,21.2,52.337084,4.79042,0,Badhoevedorp,NL
Amsterdam,Amsterdam_T1,02:00:00:9c:d7:d8,2026-08-11 13:36:48,26.8,52.327142,4.863718,0,Amsterdam,NL
Amsterdam,Amsterdam_T1,02:00:00:a4:21:fc,2026-08-11 13:35:36,20.4,52.3272787,4.86810710000012,0,Amsterdam,NL
Amsterdam,Amsterdam_T1,02:00:00:53:18:1c,2026-08-11 13:37:27,20.5,52.3359671746926,4.87311174029132,0,Amsterdam,NL
Amsterdam,Amsterdam_T1,02:00:00:6b:54:3c,2026-08-11 13:39:23,25.1,52.3274342242951,4.87812453825795,4,Amsterdam,NL
Amsterdam,Amsterdam_T1,02:00:00:bd:1d:3e,2026-08-11 13:37:43,27.4,52.331773,4.888536,4,Amsterdam,NL
Amsterdam,Amsterdam_T1,02:00:00:70:4c:80,2026-08-11 13:35:04,24.2,52.3385,4.9168,3,Amsterdam,NL
Amsterdam,Amsterdam_T1,02:00:00:9c:da:94,2026-08-11 13:36:53,20.6,52.332847,4.936642,4,Duivendrecht,NL
Amsterdam,Amsterdam_T1,02:00:00:64:2a:2a,2026-08-11 13:34:38,23.1,52.332953,4.959029,0,Diemen,NL
Amsterdam,Amsterdam_T1,02:00:00:9d:0c:d8,2026-08-11 13:37:28,20.7,52.32961,4.961911,2,Diemen,NL
Amsterdam,Amsterdam_T1,02:00:00:27:76:38,2026-08-11 13:36:59,28.4,52.3363586,4.9621297,0,Diemen,NL
Amsterdam,Amsterdam_T1,02:00:00:18:f9:e8,2026-08-11 13:39:22,28.6,52.325482,4.97447,3,Amsterdam,NL
Amsterdam,Amsterdam_T1,02:00:00:27:51:b8,2026-08-11 13:39:46,22.7,52.326592,4.978735,0,Amsterdam,NL
Amsterdam,Amsterdam_T1,02:00:00:83:90:6a,2026-08-11 13:37:58,23.3,52.327777,4.979477,0,Amsterdam,NL
Amsterdam,Amsterdam_T1,02:00:00:83:bf:80,2026-08-11 13:32:01,24.4,52.333599,5.061164,2,Muiden,NL
Amsterdam,Amsterdam_T1,02:00:00:01:6c:5e,2026-08-11 13:34:29,22.3,52.3446448698127,4.79225000001364,0,Amsterdam,NL
Amsterdam,Amsterdam_T1,02:00:00:63:45:58,2026-08-11 13:30:56,23.3,52.3414578220111,4.79799399999996,1,Amsterdam,NL
Amsterdam,Amsterdam_T1,02:00:00:00:c9:c8,2026-08-11 13:32:01,24.3,52.3535947951943,4.79096345471049,2,Amsterdam,NL
Amsterdam,Amsterdam_T1,02:00:00:14:47:bc,2026-08-11 13:32:49,24.6,52.3527607864368,4.80871260166168,1,Amsterdam,NL
Amsterdam,Amsterdam_T1,02:00:00:27:63:7e,2026-08-11 13:40:41,23.5,52.349896,4.810742,0,Amsterdam,NL
Amsterdam,Amsterdam_T1,02:00:00:84:73:aa,2026-08-11 13:39:46,24.0,52.342971,4.825803,0,Amsterdam,NL
Amsterdam,Amsterdam_T1,02:00:00:65:84:16,2026-08-11 13:34:22,24.5,52.34792,4.846243,4,Amsterdam,NL
Amsterdam,Amsterdam_T1,02:00:00:84:4c:e4,2026-08-11 13:36:42,22.5,52.349351,4.845073,1,Amsterdam,NL
Amsterdam,Amsterdam_T1,02:00:00:5f:1f:26,2026-08-11 13:31:01,23.0,52.3457181372478,4.86503304724545,2,Amsterdam,NL
Amsterdam,Amsterdam_T1,02:00:00:29:77:f8,2026-08-11 13:32:37,26.8,52.352721,4.860868,4,Amsterdam,NL
Amsterdam,Amsterdam_T1,02:00:00:ab:da:ba,2026-08-11 13:35:09,22.6,52.34847,4.870878,7,Amsterdam,NL
Amsterdam,Amsterdam_T1,02:00:00:74:60:90,2026-08-11 13:39:04,21.4,52.343761,4.875174,3,Amsterdam,NL
Amsterdam,Amsterdam_T1,02:00:00:01:ca:e6,2026-08-11 13:37:41,21.7,52.34572,4.876628,4,Amsterdam,NL
Amsterdam,Amsterdam_T1,02:00:00:a4:37:d4,2026-08-11 13:34:59,23.8,52.3475151062012,4.87605476379395,5,Amsterdam,NL
Amsterdam,Amsterdam_T1,02:00:00:32:e5:36,2026-08-11 13:35:58,22.9,52.342399597168,4.90369987487793,1,Amsterdam,NL
Amsterdam,Amsterdam_T1,02:00:00:22:e1:1a,2026-08-11 13:36:51,20.2,52.343674,4.907335,5,Amsterdam,NL
Amsterdam,Amsterdam_T1,02:00:00:83:ef:18,2026-08-11 13:27:15,21.0,52.34854,4.90630999999996,5,Amsterdam,NL
Amsterdam,Amsterdam_T1,02:00:00:b9:59:14,2026-08-11 13:40:00,21.6,52.352879,4.928205,0,Amsterdam,NL
Amsterdam,Amsterdam_T1,02:00:00:2a:db:3c,2026-08-11 13:34:39,21.5,52.347729,4.941162,0,Amsterdam,NL
Amsterdam,Amsterdam_T1,02:00:00:7a:89:24,2026-08-11 13:34:11,27.1,52.348087,4.941446,0,Amsterdam,NL
Amsterdam,Amsterdam_T1,02:00:00:2c:f1:9a,2026-08-11 13:36:21,21.7,52.34402,4.952192,0,Amsterdam,NL
Amsterdam,Amsterdam_T1,02:00:00:13:3c:4c,2026-08-11 13:34:54,23.2,52.3399512086528,4.96276274283001,2,Diemen,NL
Amsterdam,Amsterdam_T1,02:00:00:1f:79:96,2026-08-11 13:32:56,20.8,52.3467706,4.983125,0,Diemen,NL
Amsterdam,Amsterdam_T1,02:00:00:bd:c0:be,2026-08-11 13:38:58,19.1,52.350442,4.98087900000004,6,Diemen,NL
Amsterdam,Amsterdam_T1,02:00:00:70:51:ce,2026-08-11 13:33:18,33.6,52.3533443,4.99812519999998,0,Amsterdam,NL
Amsterdam,Amsterdam_T1,02:00:00:c2:2e:4a,2026-08-11 13:37:26,21.9,52.351406,5.001968,0,Amsterdam,NL
Amsterdam,Amsterdam_T1,02:00:00:5f:2d:ec,2026-08-11 13:33:54,25.6,52.350554,5.003617,0,Amsterdam,NL
Amsterdam,Amsterdam_T1,02:00:00:53:21:30,2026-08-11 13:38:22,25.9,52.355412,4.787642,0,Amsterdam,NL
Amsterdam,Amsterdam_T1,02:00:00:5e:f9:38,2026-08-11 13:31:00,22.4,52.354861,4.832611,0,Amsterdam,NL
Amsterdam,Amsterdam_T1,02:00:00:84:0b:ca,2026-08-11 13:34:23,24.1,52.367164,4.83112,0,Amsterdam,NL
Amsterdam,Amsterdam_T1,02:00:00:af:7d:bc,2026-08-11 13:35:46,21.7,52.3570713933203,4.84621300000002,5,Amsterdam,NL
Amsterdam,Amsterdam_T1,02:00:00:63:33:0c,2026-08-11 13:38:38,23.2,52.365672,4.85523999999998,1,Amsterdam,NL
Amsterdam,Amsterdam_T1,02:00:00:a4:1b:60,2026-08-11 13:39:30,22.8,52.354291,4.861925,4,Amsterdam,NL
Amsterdam,Amsterdam_T1,02:00:00:5f:10:56,2026-08-11 13:34:32,20.4,52.3575455,4.8667305,4,Amsterdam,NL
Amsterdam,Amsterdam_T1,02:00:00:7a:85:20,2026-08-11 13:31:03,24.6,52.354887,4.876879,4,Amsterdam,NL
Amsterdam,Amsterdam_T1,02:00:00:84:70:f8,2026-08-11 13:36:02,21.2,52.359384,4.876766,8,Amsterdam,NL
Amsterdam,Amsterdam_T1,02:00:00:73:a0:86,2026-08-11 13:32:30,20.0,52.3543,4.8951,1,Amsterdam,NL
Amsterdam,Amsterdam_T1,02:00:00:02:b1:be,2026-08-11 13:39:22,20.7,52.3573648188524,4.89851619487149,4,Amsterdam,NL
Amsterdam,Amsterdam_T1,02:00:00:3a:24:be,2026-08-11 13:32:06,24.5,52.3540842,4.90596159999996,5,Amsterdam,NL
Amsterdam,Amsterdam_T1,02:00:00:c2:89:be,2026-08-11 13:32:18,29.0,52.3598411999999,4.91065000000002,3,Amsterdam,NL
Amsterdam,Amsterdam_T1,02:00:00:04:a6:8a,2026-08-11 13:32:53,21.5,52.3607,4.9243,1,Amsterdam,NL
Amsterdam,Amsterdam_T1,02:00:00:b2:b2:58,2026-08-11 13:37:42,21.1,52.357371,4.926031,3,Amsterdam,NL
Amsterdam,Amsterdam_T1,02:00:00:9b:51:e4,2026-08-11 13:35:53,20.7,52.360158,4.925819,2,Amsterdam,NL
Amsterdam,Amsterdam_T1,02:00:00:2a:fe:a6,2026-08-11 13:33:38,24.7,52.3572889935944,4.94533920674587,0,Amsterdam,NL
Amsterdam,Amsterdam_T1,02:00:00:3f:6a:62,2026-08-11 13:38:47,24.2,52.363079,4.979751,0,Amsterdam,NL
Amsterdam,Amsterdam_T1,02:00:00:b2:c1:1a,2026-08-11 13:37:48,23.5,52.359813,4.995219,0,Amsterdam,NL
Amsterdam,Amsterdam_T1,02:00:00:c6:24:60,2026-08-11 13:34:21,26.7,52.3561316,5.0025093,0,Amsterdam,NL
Amsterdam,Amsterdam_T1,02:00:00:83:d1:bc,2026-08-11 13:37:30,24.0,52.373107,4.810869,0,Amsterdam,NL
Amsterdam,Amsterdam_T1,02:00:00:83:eb:6a,2026-08-11 13:34:40,25.0,52.3771819548297,4.818619891921,1,Amsterdam,NL
Amsterdam,Amsterdam_T1,02:00:00:1b:1b:36,2026-08-11 13:33:39,22.5,52.374821,4.822411,3,Amsterdam,NL
Amsterdam,Amsterdam_T1,02:00:00:53:50:72,2026-08-11 13:39:41,23.2,52.375709,4.83394,1,Amsterdam,NL
Amsterdam,Amsterdam_T1,02:00:00:af:8c:48,2026-08-11 13:30:50,23.8,52.379386,4.839399,2,Amsterdam,NL
Amsterdam,Amsterdam_T1,02:00:00:7a:7d:7c,2026-08-11 13:35:59,23.9,52.376183,4.8480215,3,Amsterdam,NL
Amsterdam,Amsterdam_T1,02:00:00:01:3a:a4,2026-08-11 13:36:46,22.6,52.3690986633301,4.85776948928833,2,Amsterdam,NL
Amsterdam,Amsterdam_T1,02:00:00:2b:49:82,2026-08-11 13:37:01,22.4,52.3727766,4.8646089,4,Amsterdam,NL
Amsterdam,Amsterdam_T1,02:00:00:6b:32:8c,2026-08-11 13:38:51,24.6,52.370501,4.874214,6,Amsterdam,NL
Amsterdam,Amsterdam_T1,02:00:00:71:1d:7e,2026-08-11 13:30:52,30.2,52.3796,4.8778,1,Amsterdam,NL
Amsterdam,Amsterdam_T1,02:00:00:af:9a:18,2026-08-11 13:37:13,21.0,52.371666,4.881638,9,Amsterdam,NL
Amsterdam,Amsterdam_T1,02:00:00:b8:e7:f0,2026-08-11 13:25:08,22.6,52.371671,4.887671,9,Amsterdam,NL
Amsterdam,Amsterdam_T1,02:00:00:00:83:86,2026-08-11 13:30:21,28.9,52.3824005126953,4.89949989318848,1,Amsterdam,NL
Amsterdam,Amsterdam_T1,02:00:00:6b:3b:94,2026-08-11 13:40:15,22.4,52.3824,4.8995,5,Amsterdam,NL
Amsterdam,Amsterdam_T1,02:00:00:27:4a:1c,2026-08-11 13:32:04,25.7,52.3824,4.8995,5,Amsterdam,NL
Amsterdam,Amsterdam_T1,02:00:00:6b:27:ca,2026-08-11 13:33:23,25.9,52.3687377628581,4.93161678314209,1,Amsterdam,NL
Amsterdam,Amsterdam_T1,02:00:00:9b:59:de,2026-08-11 13:35:46,27.0,52.369161,4.9326972000001,4,Amsterdam,NL
Amsterdam,Amsterdam_T1,02:00:00:bd:07:a6,2026-08-11 13:38:54,22.1,52.375199,4.931954,1,Amsterdam,NL
Amsterdam,Amsterdam_T1,02:00:00:28:9a:9a,2026-08-11 13:30:32,19.1,52.369183,4.95507,0,Amsterdam,NL
Amsterdam,Amsterdam_T1,02:00:00:c6:26:24,2026-08-11 13:32:26,20.0,52.3731658712137,4.96877610683441,1,Amsterdam,NL
Amsterdam,Amsterdam_T1,02:00:00:ab:e3:52,2026-08-11 13:31:38,22.6,52.3907,4.86369999999998,4,Amsterdam,NL
Amsterdam,Amsterdam_T1,02:00:00:a2:31:fc,2026-08-11 13:34:06,28.3,52.3845558166504,4.86922264099121,7,Amsterdam,NL
Amsterdam,Amsterdam_T1,02:00:00:84:46:e2,2026-08-11 13:37:15,21.9,52.3929199123918,4.88645911216736,0,Amsterdam,NL
Amsterdam,Amsterdam_T1,02:00:00:af:30:44,2026-08-11 13:38:58,22.1,52.385656,4.891618,0,Amsterdam,NL
Amsterdam,Amsterdam_T1,02:00:00:9d:1b:ac,2026-08-11 13:39:53,21.6,52.386736,4.900561,4,Amsterdam,NL
Amsterdam,Amsterdam_T1,02:00:00:7f:be:6c,2026-08-11 13:32:17,22.1,52.385614,4.901338,2,Amsterdam,NL
Amsterdam,Amsterdam_T1,02:00:00:1c:5a:de,2026-08-11 13:32:15,21.6,52.3861524614255,4.90178911562291,1,Amsterdam,NL
Amsterdam,Amsterdam_T1,02:00:00:2a:d6:c6,2026-08-11 13:34:09,22.4,52.3936767578125,4.9279146194458,0,Amsterdam,NL
Amsterdam,Amsterdam_T1,02:00:00:58:da:86,2026-08-11 13:32:57,21.4,52.3937631533699,4.93177643254458,1,Amsterdam,NL
Amsterdam,Amsterdam_T1,02:00:00:63:2e:1e,2026-08-11 13:30:16,16.4,52.391364,4.942321,1,Amsterdam,NL
Amsterdam,Amsterdam_T1,02:00:00:53:1a:1a,2026-08-11 13:35:59,34.6,52.4043956578345,4.88842248916626,1,Amsterdam,NL
Amsterdam,Amsterdam_T1,02:00:00:00:f7:8e,2026-08-11 13:36:54,25.6,52.4091,4.8896,0,Amsterdam,NL
Amsterdam,Amsterdam_T1,02:00:00:65:70:14,2026-08-11 13:30:51,22.7,52.406578,4.898823,3,Amsterdam,NL
Amsterdam,Amsterdam_T1,02:00:00:b5:76:26,2026-08-11 13:33:48,23.7,52.403811,4.914876,2,Amsterdam,NL
Amsterdam,Amsterdam_T1,02:00:00:bd:d9:9e,2026-08-11 13:33:23,24.0,52.407674,4.932463,0,Amsterdam,NL
Amsterdam,Amsterdam_T1,02:00:00:7f:d5:6c,2026-08-11 13:33:52,24.1,52.407289,4.935319,0,Amsterdam,NL
Amsterdam,Amsterdam_T1,02:00:00:63:2c:2a,2026-08-11 13:36:53,21.5,52.402984,4.945694,2,Amsterdam,NL
Amsterdam,Amsterdam_T1,02:00:00:63:32:ca,2026-08-11 13:34:34,22.2,52.400011,4.948339,0,Amsterdam,NL
Amsterdam,Amsterdam_T1,02:00:00:7f:c1:54,2026-08-11 13:32:19,22.7,52.3997152224585,4.95156731297681,0,Amsterdam,NL
Amsterdam,Amsterdam_T1,02:00:00:74:33:d4,2026-08-11 13:38:36,25.1,52.417055,4.825916,2,Amsterdam,NL
Amsterdam,Amsterdam_T1,02:00:00:84:a0:80,2026-08-11 13:39:23,23.6,52.414189,4.871251,1,Amsterdam,NL
Amsterdam,Amsterdam_T1,02:00:00:70:5a:82,2026-08-11 13:30:38,23.3,52.420749,4.893155,0,Amsterdam,NL
Amsterdam,Amsterdam_T1,02:00:00:bd:c8:28,2026-08-11 13:33:30,23.6,52.4225551,4.8995336,0,Amsterdam,NL
Amsterdam,Amsterdam_T1,02:00:00:b2:be:dc,2026-08-11 13:31:48,23.1,52.4336802968209,4.80540275573731,0,Zaanstad,NL
Amsterdam,Amsterdam_T1,02:00:00:84:7f:c4,2026-08-11 13:30:17,21.4,52.4315445597503,4.8274827003479,2,Zaandam,NL
Amsterdam,Amsterdam_T1,02:00:00:c3:9d:f2,2026-08-11 13:35:10,20.5,52.432236,4.828755,2,Zaandam,NL
Amsterdam,Amsterdam_T1,02:00:00:63:1e:a2,2026-08-11 13:37:37,27.0,52.432955,4.829382,3,Zaandam,NL
Amsterdam,Amsterdam_T1,02:00:00:73:c0:fe,2026-08-11 13:39:11,21.2,52.428103,4.835043,0,Zaandam,NL
Amsterdam,Amsterdam_T1,02:00:00:04:60:50,2026-08-11 13:37:55,20.7,52.4362386996961,4.8581631145293,0,Oostzaan,NL
Amsterdam,Amsterdam_T1,02:00:00:01:16:2a,2026-08-11 13:36:18,24.3,52.434544,4.873619,0,Oostzaan,NL
Amsterdam,Amsterdam_T1,02:00:00:b9:17:08,2026-08-11 13:35:30,26.1,52.4381332397461,4.87382507324219,1,Oostzaan,NL
Amsterdam,Amsterdam_T1,02:00:00:b5:05:fe,2026-08-11 13:39:29,22.4,52.43446,4.876556,0,Oostzaan,NL
Amsterdam,Amsterdam_T1,02:00:00:b8:ec:c0,2026-08-11 13:36:55,20.5,52.434645,4.88352290000002,0,Oostzaan,NL
Amsterdam,Amsterdam_T1,02:00:00:a4:16:16,2026-08-11 13:32:36,21.9,52.437968,4.884335,1,Oostzaan,NL
Amsterdam,Amsterdam_T1,02:00:00:2c:81:ba,2026-08-11 13:35:28,22.1,52.42855131,4.90767144000006,0,Landsmeer,NL
Amsterdam,Amsterdam_T1,02:00:00:84:97:78,2026-08-11 13:36:17,22.3,52.4303782,4.9118837,0,Landsmeer,NL
Amsterdam,Amsterdam_T1,02:00:00:7f:8e:40,2026-08-11 13:36:37,20.4,52.4295166584759,4.91431653499603,1,Landsmeer,NL
Amsterdam,Amsterdam_T1,02:00:00:19:9f:a0,2026-08-11 13:37:59,22.0,52.42952,4.922538,2,Landsmeer,NL
Amsterdam,Amsterdam_T1,02:00:00:b2:a8:40,2026-08-11 13:32:24,20.3,52.4277367607842,4.97108750037114,0,Watergang,NL
Amsterdam,Amsterdam_T1,02:00:00:03:66:0a,2026-08-11 13:36:21,23.3,52.435455,4.998643,0,Waterland,NL
Amsterdam,Amsterdam_T1,02:00:00:c5:39:e6,2026-08-11 13:32:47,21.9,52.4318871,5.00355289999993,0,Waterland,NL
Amsterdam,Amsterdam_T1,02:00:00:74:2f:bc,2026-08-11 13:35:05,23.7,52.441813,4.800982,2,Zaandam,NL
Amsterdam,Amsterdam_T1,02:00:00:28:b4:66,2026-08-11 13:32:10,21.7,52.44171,4.801541,2,Zaandam,NL
Amsterdam,Amsterdam_T1,02:00:00:90:6d:84,2026-08-11 13:32:29,24.1,52.451797,4.81541440000003,0,Zaandam,NL
Amsterdam,Amsterdam_T1,02:00:00:84:6d:0c,2026-08-11 13:31:16,19.9,52.451021,4.819376,0,Zaandam,NL
Amsterdam,Amsterdam_T1,02:00:00:70:48:54,2026-08-11 13:37:13,19.9,52.4493083,4.87009850000007,0,Oostzaan,NL
Amsterdam,Amsterdam_T1,02:00:00:70:51:98,2026-08-11 13:30:27,20.7,52.449376,4.873678,0,Oostzaan,NL
Amsterdam,Amsterdam_T1,02:00:00:8d:e0:2e,2026-08-11 13:33:37,26.4,52.453716,5.033896,1,Monnickendam,NL
Amsterdam,Amsterdam_T1,02:00:00:74:38:ae,2026-08-11 13:33:04,26.2,52.448765,5.040629,0,Monnickendam,NL
Amsterdam,Amsterdam_T1,02:00:00:65:7b:60,2026-08-11 13:33:48,22.6,52.45517,4.796338,0,Koog aan de Zaan,NL
Amsterdam,Amsterdam_T1,02:00:00:65:85:14,2026-08-11 13:39:43,25.1,52.460911,4.798072,0,Koog aan de Zaan,NL
Amsterdam,Amsterdam_T1,02:00:00:70:59:8a,2026-08-11 13:34:53,21.4,52.461746,4.800009,0,Zaanstad,NL
Amsterdam,Amsterdam_T1,02:00:00:b2:a4:56,2026-08-11 13:33:42,28.0,52.458013,4.806933,1,Koog aan de Zaan,NL
Amsterdam,Amsterdam_T1,02:00:00:12:55:1a,2026-08-11 13:35:24,24.8,52.4596497323282,4.81831419827456,3,Zaanstad,NL
Amsterdam,Amsterdam_T1,02:00:00:83:c1:36,2026-08-11 13:35:58,25.3,52.46779,4.833544,2,Zaandam,NL
Amsterdam,Amsterdam_T1,02:00:00:a9:c1:1c,2026-08-11 13:34:17,23.1,52.4684745,4.8413454,2,Zaandam,NL
Amsterdam,Amsterdam_T1,02:00:00:65:59:44,2026-08-11 13:38:19,24.0,52.46492,4.947995,0,Landsmeer,NL
Amsterdam,Amsterdam_T1,02:00:00:36:b5:10,2026-08-11 13:39:08,26.0,52.4607855,5.0354233,5,Waterland,NL
Amsterdam,Amsterdam_T1,02:00:00:83:fe:54,2026-08-11 13:32:13,25.7,52.473273,4.792316,1,Zaandijk,NL
Amsterdam,Amsterdam_T1,02:00:00:b9:41:ba,2026-08-11 13:36:16,24.3,52.468595,4.827322,2,Zaandam,NL
Amsterdam,Amsterdam_T1,02:00:00:af:6e:4c,2026-08-11 13:31:06,23.0,52.472511,4.809806,1,Zaandijk,NL
Amsterdam,Amsterdam_T1,02:00:00:14:3f:f0,2026-08-11 13:35:07,20.2,52.478533,4.808805,0,Zaandijk,NL
Amsterdam,Amsterdam_T1,02:00:00:ab:f0:04,2026-08-11 13:38:43,24.7,52.4732402,4.82852159999997,1,Zaanstad,NL
Amsterdam,Amsterdam_T1,02:00:00:bd:20:42,2026-08-11 13:37:23,28.5,52.490773,4.590405,13,Wijk aan Zee,NL
Amsterdam,Amsterdam_T1,02:00:00:a2:61:20,2026-08-11 13:38:34,24.1,52.4932975227619,4.60278952387853,8,Wijk aan Zee,NL
Amsterdam,Amsterdam_T1,02:00:00:b5:31:48,2026-08-11 13:40:09,24.9,52.48672,4.649581,3,Beverwijk,NL
Amsterdam,Amsterdam_T1,02:00:00:03:9e:56,2026-08-11 13:36:23,21.7,52.4833850346124,4.65639000000004,2,Beverwijk,NL
Amsterdam,Amsterdam_T1,02:00:00:a4:41:2c,2026-08-11 13:32:31,22.8,52.493777,4.651065,3,Beverwijk,NL
Amsterdam,Amsterdam_T1,02:00:00:58:c6:9e,2026-08-11 13:35:06,22.4,52.488462,4.665948,4,Beverwijk,NL
Amsterdam,Amsterdam_T1,02:00:00:1f:75:1e,2026-08-11 13:34:48,24.5,52.495347,4.671976,3,Beverwijk,NL
Amsterdam,Amsterdam_T1,02:00:00:63:48:12,2026-08-11 13:32:29,26.0,52.4925710517851,4.68104579285944,0,Beverwijk,NL
Amsterdam,Amsterdam_T1,02:00:00:b9:29:a2,2026-08-11 13:34:20,23.2,52.48681,4.689331,0,Beverwijk,NL
Amsterdam,Amsterdam_T1,02:00:00:c2:3f:1a,2026-08-11 13:37:41,21.3,52.494114652513,4.69021010199475,0,Heemskerk,NL
Amsterdam,Amsterdam_T1,02:00:00:b9:2d:62,2026-08-11 13:36:08,23.7,52.487002,4.745845,0,Assendelft,NL
Amsterdam,Amsterdam_T1,02:00:00:74:2b:b0,2026-08-11 13:36:54,23.9,52.491181,4.741493,0,Assendelft,NL
Amsterdam,Amsterdam_T1,02:00:00:b9:7d:88,2026-08-11 13:31:25,25.3,52.49439,4.74019999999999,0,Assendelft,NL
Amsterdam,Amsterdam_T1,02:00:00:bd:ba:0a,2026-08-11 13:39:20,22.6,52.485389,4.760449,0,Assendelft,NL
Amsterdam,Amsterdam_T1,02:00:00:64:00:98,2026-08-11 13:33:40,21.9,52.487216,4.759611,0,Assendelft,NL
Amsterdam,Amsterdam_T1,02:00:00:c3:9b:7c,2026-08-11 13:38:49,24.2,52.508597,4.657421,1,Heemskerk,NL
Amsterdam,Amsterdam_T1,02:00:00:64:29:c8,2026-08-11 13:38:06,21.3,52.509686,4.657991,3,Heemskerk,NL
Amsterdam,Amsterdam_T1,02:00:00:28:d9:68,2026-08-11 13:36:28,23.0,52.505043,4.663006,3,Heemskerk,NL
Amsterdam,Amsterdam_T1,02:00:00:74:38:16,2026-08-11 13:33:24,21.2,52.5022010803223,4.66760015487671,3,Heemskerk,NL
Amsterdam,Amsterdam_T1,02:00:00:5f:27:32,2026-08-11 13:33:59,21.5,52.507020773057,4.66796492578298,2,Heemskerk,NL
Amsterdam,Amsterdam_T1,02:00:00:70:4f:d8,2026-08-11 13:33:12,22.3,52.5015798,4.66960700000006,1,Heemskerk,NL
Amsterdam,Amsterdam_T1,02:00:00:70:3c:30,2026-08-11 13:34:58,23.6,52.510432,4.688887,1,Heemskerk,NL
Amsterdam,Amsterdam_T1,02:00:00:73:f5:76,2026-08-11 13:30:19,21.4,52.499622,4.6940675,0,Heemskerk,NL
Amsterdam,Amsterdam_T1,02:00:00:1a:fe:50,2026-08-11 13:39:14,22.9,52.5053081762322,4.75592475261492,1,Krommenie,NL
Amsterdam,Amsterdam_T1,02:00:00:bd:f4:02,2026-08-11 13:37:48,24.8,52.4973426347924,4.76018432436422,0,Zaanstad,NL
Amsterdam,Amsterdam_T1,02:00:00:14:48:26,2026-08-11 13:38:48,30.3,52.502025,4.767892,0,Krommenie,NL
Amsterdam,Amsterdam_T1,02:00:00:03:85:30,2026-08-11 13:31:52,21.9,52.504607,4.76235500000008,3,Krommenie,NL
Amsterdam,Amsterdam_T1,02:00:00:2c:be:d2,2026-08-11 13:31:22,20.6,52.512672,4.666764,1,Heemskerk,NL
Amsterdam,Amsterdam_T1,02:00:00:74:32:2e,2026-08-11 13:39:20,20.8,52.512731,4.670313,3,Heemskerk,NL
Amsterdam,Amsterdam_T1,02:00:00:58:bd:d0,2026-08-11 13:39:31,22.2,52.517194,4.672498,0,Heemskerk,NL
Amsterdam,Amsterdam_T1,02:00:00:b4:f1:96,2026-08-11 13:33:56,23.7,52.5120620727539,4.68826818466187,1,Heemskerk,NL
Amsterdam,Amsterdam_T1,02:00:00:19:33:4e,2026-08-11 13:37:57,27.3,52.5206,4.6901,0,Heemskerk,NL
Amsterdam,Amsterdam_T1,02:00:00:bd:0d:f2,2026-08-11 13:32:05,23.0,52.5209953,4.70019589999997,0,Uitgeest,NL
Amsterdam,Amsterdam_T1,02:00:00:63:34:a0,2026-08-11 13:35:41,21.1,52.5164485389808,4.7633657697163,0,Zaanstad,NL
Amsterdam,Amsterdam_T1,02:00:00:63:24:da,2026-08-11 13:39:23,22.8,52.5267021414972,4.70168518277734,0,Uitgeest,NL
Amsterdam,Amsterdam_T1,02:00:00:b9:5f:90,2026-08-11 13:31:43,21.3,52.533084264192,4.71261564257397,0,Uitgeest,NL
Amsterdam,Amsterdam_T1,02:00:00:63:2d:f0,2026-08-11 13:33:00,24.2,52.533104,4.712557,0,Uitgeest,NL
Amsterdam,Amsterdam_T1,02:00:00:b5:8b:c2,2026-08-11 13:35:16,20.3,52.529381,4.713874,2,Uitgeest,NL
Amsterdam,Amsterdam_T1,02:00:00:b5:a6:8a,2026-08-11 13:32:27,24.1,52.530517,4.778969,0,Markenbinnen,NL
Amsterdam,Amsterdam_T1,02:00:00:b9:52:2e,2026-08-11 13:31:05,25.7,52.543081,4.660629,1,Castricum,NL
Amsterdam,Amsterdam_T1,02:00:00:b2:a8:d0,2026-08-11 13:33:24,27.5,52.5532143015102,4.66275751590729,2,Castricum,NL
Amsterdam,Amsterdam_T1,02:00:00:2b:20:f8,2026-08-11 13:38:45,23.6,52.552362718395,4.66431157696726,4,Castricum,NL
Amsterdam,Amsterdam_T1,02:00:00:a9:77:2c,2026-08-11 13:35:41,29.6,52.5528869628906,4.66596078872681,1,Castricum,NL
Amsterdam,Amsterdam_T1,02:00:00:a4:41:be,2026-08-11 13:40:20,26.6,52.5500106811523,4.66659545898438,1,Castricum,NL
Amsterdam,Amsterdam_T1,02:00:00:27:2c:12,2026-08-11 13:36:18,26.7,52.5579643249512,4.65175914764404,11,Castricum,NL
Amsterdam,Amsterdam_T1,02:00:00:00:56:b0,2026-08-11 13:35:11,21.4,52.559481,4.645325,8,Castricum,NL
Amsterdam,Amsterdam_T1,02:00:00:36:a3:a2,2026-08-11 13:38:49,23.9,52.561176,4.647979,12,Castricum,NL
Amsterdam,Amsterdam_T1,02:00:00:c3:74:74,2026-08-11 13:36:12,23.9,52.556907,4.668744,1,Castricum,NL
Amsterdam,Amsterdam_T1,02:00:00:bd:e4:0a,2026-08-11 13:37:22,26.3,52.557114,4.6693296,0,Castricum,NL
Amsterdam,Amsterdam_T1,02:00:00:bd:db:96,2026-08-11 13:33:58,21.7,52.5677,4.688097,2,Castricum,NL
Amsterdam,Amsterdam_T1,02:00:00:83:f9:38,2026-08-11 13:34:15,24.1,52.5667610168457,4.69240951538086,4,Castricum,NL
Amsterdam,Amsterdam_T1,02:00:00:bd:d4:66,2026-08-11 13:33:20,24.3,52.5567058594671,4.72576493881832,0,Castricum,NL
Amsterdam,Amsterdam_T1,02:00:00:b0:a9:ae,2026-08-11 13:39:17,22.9,52.556932,4.728066,0,Castricum,NL
Amsterdam,Amsterdam_T1,02:00:00:2c:f9:46,2026-08-11 13:36:06,24.8,52.5711657,4.69811320000005,2,Castricum,NL
Amsterdam,Amsterdam_T1,02:00:00:3f:6f:6c,2026-08-11 13:36:00,21.7,52.5698,4.7014,2,Castricum,NL
Amsterdam,Amsterdam_T1,02:00:00:7f:ca:86,2026-08-11 13:37:18,21.9,52.575198,4.701347,2,Castricum,NL
Amsterdam,Amsterdam_T1,02:00:00:83:b0:d6,2026-08-11 13:39:23,23.7,52.592226,4.690301,0,Heiloo,NL
Amsterdam,Amsterdam_T1,02:00:00:b5:77:5a,2026-08-11 13:35:57,23.5,52.589641,4.701077,1,Heiloo,NL
Amsterdam,Amsterdam_T1,02:00:00:5f:28:b6,2026-08-11 13:38:28,22.4,52.593292,4.713329,0,Heiloo,NL
Amsterdam,Amsterdam_T1,02:00:00:13:81:dc,2026-08-11 13:35:57,22.7,52.5917217300149,4.71660864874474,1,Heiloo,NL
Amsterdam,Amsterdam_T1,02:00:00:14:4a:16,2026-08-11 13:37:30,21.5,52.5979706,4.68623639999998,2,Heiloo,NL
Amsterdam,Amsterdam_T1,02:00:00:27:49:96,2026-08-11 13:36:29,21.9,52.596877,4.700662,2,Heiloo,NL
Amsterdam,Amsterdam_T1,02:00:00:b2:c5:8e,2026-08-11 13:40:12,22.2,52.607205,4.694133,1,Heiloo,NL
Amsterdam,Amsterdam_T1,02:00:00:bd:0d:f4,2026-08-11 13:37:04,25.5,52.608246,4.707137,1,Heiloo,NL
Amsterdam,Amsterdam_T1,02:00:00:a9:f1:36,2026-08-11 13:36:20,21.7,52.6009402517112,4.7194606130876,4,Heiloo,NL
Amsterdam,Amsterdam_T1,02:00:00:15:dc:9e,2026-08-11 13:37:27,22.7,52.607723,4.716598,6,Heiloo,NL
Amsterdam,Amsterdam_T1,02:00:00:64:09:44,2026-08-11 13:34:58,22.7,52.602954864502,4.7196626663208,2,Heiloo,NL
Amsterdam,Amsterdam_T1,02:00:00:02:63:54,2026-08-11 13:30:21,21.9,52.6134354354965,4.62090881276794,20,Bergen,NL
Amsterdam,Amsterdam_T1,02:00:00:b5:ac:40,2026-08-11 13:32:38,26.5,52.622938,4.628717,11,Bergen,NL
Amsterdam,Amsterdam_T1,02:00:00:00:da:fe,2026-08-11 13:39:38,26.4,52.62333,4.630068,11,Bergen,NL
Amsterdam,Amsterdam_T1,02:00:00:31:ea:ec,2026-08-11 13:36:28,23.8,52.6170874425851,4.65225869437614,1,Bergen (NH),NL
Amsterdam,Amsterdam_T1,02:00:00:64:29:b6,2026-08-11 13:40:26,21.7,52.6201341308608,4.6524031553414,3,Bergen (NH),NL
Amsterdam,Amsterdam_T1,02:00:00:b2:a7:60,2026-08-11 13:31:18,23.0,52.617767,4.735231,3,Alkmaar,NL
Amsterdam,Amsterdam_T1,02:00:00:2f:07:0e,2026-08-11 13:32:54,25.6,52.619869,4.74062129999993,2,Alkmaar,NL
Amsterdam,Amsterdam_T1,02:00:00:b9:2a:8c,2026-08-11 13:37:09,24.0,52.6220359802246,4.74117708206177,3,Alkmaar,NL
Amsterdam,Amsterdam_T1,02:00:00:64:41:c4,2026-08-11 13:33:27,24.1,52.6182297305515,4.76174610319983,1,Alkmaar,NL
Amsterdam,Amsterdam_T1,02:00:00:c2:7c:c6,2026-08-11 13:39:43,29.2,52.625301,4.656129,4,Bergen,NL
Amsterdam,Amsterdam_T1,02:00:00:63:41:1a,2026-08-11 13:39:35,22.9,52.6295856026728,4.71791982650757,2,Alkmaar,NL
Amsterdam,Amsterdam_T1,02:00:00:ab:c4:e2,2026-08-11 13:36:30,24.2,52.6328430175781,4.72380399703979,2,Alkmaar,NL
Amsterdam,Amsterdam_T1,02:00:00:05:4b:ba,2026-08-11 13:37:35,23.2,52.6340215,4.72542320000002,0,Alkmaar,NL
Amsterdam,Amsterdam_T1,02:00:00:b5:9a:a0,2026-08-11 13:33:37,26.2,52.637733,4.745801,4,Alkmaar,NL
Amsterdam,Amsterdam_T1,02:00:00:31:bd:b4,2026-08-11 13:30:18,24.7,52.634031,4.750493,5,Alkmaar,NL
Amsterdam,Amsterdam_T1,02:00:00:70:5b:5e,2026-08-11 13:35:13,25.7,52.626729,4.756427,1,Alkmaar,NL
Amsterdam,Amsterdam_T1,02:00:00:c2:2e:b6,2026-08-11 13:40:42,21.3,52.633771,4.75851099999995,2,Alkmaar,NL
Amsterdam,Amsterdam_T1,02:00:00:63:37:be,2026-08-11 13:37:08,21.9,52.633652,4.765127,1,Alkmaar,NL
Amsterdam,Amsterdam_T1,02:00:00:36:e0:40,2026-08-11 13:36:52,24.4,52.632384,4.766958,1,Alkmaar,NL
Amsterdam,Amsterdam_T1,02:00:00:ab:df:8c,2026-08-11 13:34:58,22.3,52.641745,4.756303,1,Alkmaar,NL
Amsterdam,Amsterdam_T1,02:00:00:c2:38:70,2026-08-11 13:34:23,20.9,52.64382,4.75634999999998,2,Alkmaar,NL
Amsterdam,Amsterdam_T1,02:00:00:58:bc:d2,2026-08-11 13:32:47,21.0,52.6466445922852,4.75525665283203,1,Alkmaar,NL
Amsterdam,Amsterdam_T1,02:00:00:12:7e:c4,2026-08-11 13:37:57,23.0,52.6525888583169,4.76428381045071,1,Alkmaar,NL
Amsterdam,Amsterdam_T1,02:00:00:a2:25:b4,2026-08-11 13:33:14,23.1,52.652943,4.772452,0,Alkmaar,NL
Amsterdam,Amsterdam_T1,02:00:00:29:28:d6,2026-08-11 13:39:49,25.0,52.6496216,4.7809262,0,Alkmaar,NL
Amsterdam,Amsterdam_T1,02:00:00:a9:5f:3c,2026-08-11 13:33:13,22.3,52.3233565620573,4.58888893347402,2,Bennebroek,NL
Amsterdam,Amsterdam_T1,02:00:00:74:30:a2,2026-08-11 13:39:02,22.1,52.31667,4.601682,2,Bennebroek,NL
Amsterdam,Amsterdam_T1,02:00:00:52:ff:4a,2026-08-11 13:38:08,23.3,52.316234,4.613678,0,Zwaanshoek,NL
Amsterdam,Amsterdam_T1,02:00:00:04:e0:62,2026-08-11 13:31:11,22.2,52.3190344282112,4.59699478325753,2,Bennebroek,NL
Amsterdam,Amsterdam_T1,02:00:00:58:dc:8e,2026-08-11 13:36:51,21.8,52.314828,4.626092,0,Zwaanshoek,NL
Amsterdam,Amsterdam_T1,02:00:00:34:0d:20,2026-08-11 13:32:41,28.3,52.314469,4.637147,0,Haarlemmermeer,NL
Amsterdam,Amsterdam_T1,02:00:00:8d:cc:36,2026-08-11 13:35:49,23.8,52.3125,4.6445,0,Hoofddorp,NL
Amsterdam,Amsterdam_T1,02:00:00:00:d2:c8,2026-08-11 13:31:54,21.8,52.3246564313998,4.64318761619814,0,Haarlemmermeer,NL
Amsterdam,Amsterdam_T1,02:00:00:a9:cc:a6,2026-08-11 13:37:08,25.2,52.321634,4.659887,0,Hoofddorp,NL
Amsterdam,Amsterdam_T1,02:00:00:2b:51:7c,2026-08-11 13:40:18,23.0,52.314801,4.664166,0,Hoofddorp,NL
Amsterdam,Amsterdam_T1,02:00:00:12:6f:32,2026-08-11 13:36:20,24.1,52.318731,4.675906,0,Hoofddorp,NL
Amsterdam,Amsterdam_T1,02:00:00:04:a8:18,2026-08-11 13:33:41,28.3,52.3118591308594,4.69132137298584,0,Haarlemmermeer,NL
Amsterdam,Amsterdam_T1,02:00:00:04:5c:16,2026-08-11 13:31:15,27.3,52.325924,4.593691,3,Bennebroek,NL
Amsterdam,Amsterdam_T1,02:00:00:8d:d6:b0,2026-08-11 13:30:18,24.3,52.335645,4.632993,0,Cruquius,NL
Amsterdam,Amsterdam_T1,02:00:00:be:07:f0,2026-08-11 13:33:45,21.5,52.3348065616568,4.64470551369772,0,Cruquius,NL
Amsterdam,Amsterdam_T1,02:00:00:c2:49:e6,2026-08-11 13:32:06,21.3,52.336126,4.644912,0,Cruquius,NL
Amsterdam,Amsterdam_T1,02:00:00:b5:9e:1e,2026-08-11 13:36:49,21.5,52.3426322937012,4.60296392440796,3,Heemstede,NL
Amsterdam,Amsterdam_T1,02:00:00:bd:c0:ba,2026-08-11 13:34:01,23.6,52.3423288406971,4.60312933229977,2,Heemstede,NL
Amsterdam,Amsterdam_T1,02:00:00:b4:f1:9a,2026-08-11 13:34:30,24.4,52.3455882986117,4.6028138830537,3,Heemstede,NL
Amsterdam,Amsterdam_T1,02:00:00:8d:e0:c8,2026-08-11 13:31:01,24.1,52.342843,4.623263,3,Heemstede,NL
Amsterdam,Amsterdam_T1,02:00:00:b5:4a:8a,2026-08-11 13:40:43,21.3,52.346112,4.624803,2,Heemstede,NL
Amsterdam,Amsterdam_T1,02:00:00:b2:b9:40,2026-08-11 13:31:36,21.9,52.3414526,4.6261209,3,Heemstede,NL
Amsterdam,Amsterdam_T1,02:00:00:9c:f8:c4,2026-08-11 13:38:33,22.3,52.3476130477796,4.650423771551,2,Haarlem,NL
Amsterdam,Amsterdam_T1,02:00:00:02:9b:e4,2026-08-11 13:30:45,24.1,52.347191,4.652659,1,Haarlem,NL
Amsterdam,Amsterdam_T1,02:00:00:04:5a:2e,2026-08-11 13:33:31,22.0,52.3502780958043,4.6589281529828,2,Haarlem,NL
Amsterdam,Amsterdam_T1,02:00:00:3a:25:94,2026-08-11 13:38:18,22.6,52.34347,4.674454,0,Vijfhuizen,NL
Amsterdam,Amsterdam_T1,02:00:00:ab:ea:fc,2026-08-11 13:40:20,23.6,52.343516,4.674352,0,Vijfhuizen,NL
Amsterdam,Amsterdam_T1,02:00:00:2f:0c:1c,2026-08-11 13:35:07,23.3,52.3464166143002,4.67963541516469,0,Vijfhuizen,NL
Amsterdam,Amsterdam_T1,02:00:00:19:41:f0,2026-08-11 13:35:58,21.6,52.34581,4.772238,0,Badhoevedorp,NL
Amsterdam,Amsterdam_T1,02:00:00:bd:de:aa,2026-08-11 13:29:46,22.6,52.35104,4.773909,0,Amsterdam,NL
Amsterdam,Amsterdam_T1,02:00:00:ab:db:e0,2026-08-11 13:37:58,25.8,52.364787,4.52086100000004,14,Zandvoort,NL
Amsterdam,Amsterdam_T1,02:00:00:a9:8b:b6,2026-08-11 13:38:16,23.3,52.3675,4.5304,6,Zandvoort,NL
Amsterdam,Amsterdam_T1,02:00:00:3c:ed:32,2026-08-11 13:32:17,22.8,52.3671946,4.54155539999998,6,Zandvoort,NL
Amsterdam,Amsterdam_T1,02:00:00:2c:c2:30,2026-08-11 13:25:07,23.0,52.3675968,4.5420004,6,Zandvoort,NL
Amsterdam,Amsterdam_T1,02:00:00:b0:97:dc,2026-08-11 13:31:28,25.5,52.367772,4.606125,2,Haarlem,NL
Amsterdam,Amsterdam_T1,02:00:00:02:ea:00,2026-08-11 13:33:12,27.0,52.3632352276022,4.61015882569882,4,Haarlem,NL
Amsterdam,Amsterdam_T1,02:00:00:83:99:52,2026-08-11 13:32:39,21.4,52.3554,4.6149,7,Heemstede,NL
Amsterdam,Amsterdam_T1,02:00:00:31:c4:74,2026-08-11 13:31:34,24.1,52.356443,4.618759,2,Heemstede,NL
Amsterdam,Amsterdam_T1,02:00:00:b2:b2:54,2026-08-11 13:34:43,23.6,52.357489,4.625746,4,Heemstede,NL
Amsterdam,Amsterdam_T1,02:00:00:83:fd:c4,2026-08-11 13:36:16,21.6,52.355408,4.626659,3,Heemstede,NL
Amsterdam,Amsterdam_T1,02:00:00:03:9c:a2,2026-08-11 13:34:22,23.8,52.3547002557013,4.64688848693248,0,Haarlem,NL
Amsterdam,Amsterdam_T1,02:00:00:01:8b:04,2026-08-11 13:31:11,22.1,52.357799252269,4.64295928937645,4,Haarlem,NL
Amsterdam,Amsterdam_T1,02:00:00:3d:18:c6,2026-08-11 13:34:52,23.1,52.3615,4.6419,2,Haarlem,NL
Amsterdam,Amsterdam_T1,02:00:00:7f:9a:24,2026-08-11 13:34:45,22.1,52.3591853224633,4.66554760934741,1,Haarlem,NL
Amsterdam,Amsterdam_T1,02:00:00:b4:f0:46,2026-08-11 13:34:38,24.2,52.3692474365234,4.5371298789978,8,Zandvoort,NL
Amsterdam,Amsterdam_T1,02:00:00:1c:57:72,2026-08-11 13:36:11,23.2,52.3705376377954,4.53681784129898,5,Zandvoort,NL
Amsterdam,Amsterdam_T1,02:00:00:3f:4c:f4,2026-08-11 13:38:10,22.4,52.372587,4.530564,6,Zandvoort,NL
Amsterdam,Amsterdam_T1,02:00:00:c3:ec:bc,2026-08-11 13:39:11,23.4,52.3714478705273,4.62272452350821,1,Haarlem,NL
Amsterdam,Amsterdam_T1,02:00:00:bd:fb:06,2026-08-11 13:32:26,26.4,52.3736267089844,4.61951780319214,0,Haarlem,NL
Amsterdam,Amsterdam_T1,02:00:00:3a:2a:c8,2026-08-11 13:39:42,23.0,52.37427,4.6192017,1,Haarlem,NL
Amsterdam,Amsterdam_T1,02:00:00:83:b1:9e,2026-08-11 13:40:25,23.5,52.381217,4.641662,3,Haarlem,NL
Amsterdam,Amsterdam_T1,02:00:00:90:b9:a6,2026-08-11 13:33:00,24.0,52.3803,4.6422,2,Haarlem,NL
Amsterdam,Amsterdam_T1,02:00:00:33:d2:64,2026-08-11 13:38:38,22.2,52.3809272917764,4.64569719847814,1,Haarlem,NL
Amsterdam,Amsterdam_T1,02:00:00:1f:3b:4a,2026-08-11 13:37:40,24.0,52.37831,4.669574,1,Haarlem,NL
Amsterdam,Amsterdam_T1,02:00:00:bd:02:30,2026-08-11 13:36:13,22.0,52.378145,4.670558,1,Haarlem,NL
Amsterdam,Amsterdam_T1,02:00:00:a9:82:9a,2026-08-11 13:33:33,20.3,52.378145,4.670558,1,Haarlem,NL
Amsterdam,Amsterdam_T1,02:00:00:27:b4:36,2026-08-11 13:36:36,26.2,52.3779792785645,4.7358570098877,0,Haarlemmermeer,NL
Amsterdam,Amsterdam_T1,02:00:00:1e:21:d8,2026-08-11 13:39:41,25.6,52.3836936950684,4.60500431060791,3,Haarlem,NL
Amsterdam,Amsterdam_T1,02:00:00:3f:4b:00,2026-08-11 13:32:52,23.5,52.3919181,4.6090654,10,Bloemendaal,NL
Amsterdam,Amsterdam_T1,02:00:00:90:90:54,2026-08-11 13:34:33,22.8,52.3920090859054,4.61050858570127,4,Overveen,NL
Amsterdam,Amsterdam_T1,02:00:00:ab:e0:5c,2026-08-11 13:38:41,23.8,52.382743416844,4.62757179341502,3,Haarlem,NL
Amsterdam,Amsterdam_T1,02:00:00:6b:2a:8e,2026-08-11 13:35:21,23.7,52.383527,4.626926,4,Haarlem,NL
Amsterdam,Amsterdam_T1,02:00:00:bd:fd:1a,2026-08-11 13:32:09,23.3,52.3856228,4.62560090000005,2,Haarlem,NL
Amsterdam,Amsterdam_T1,02:00:00:a4:29:1a,2026-08-11 13:37:13,23.8,52.39233,4.64477999999999,2,Haarlem,NL
Amsterdam,Amsterdam_T1,02:00:00:19:12:9e,2026-08-11 13:37:07,23.3,52.395697,4.646471,2,Haarlem,NL
Amsterdam,Amsterdam_T1,02:00:00:03:70:e8,2026-08-11 13:30:25,22.8,52.383225,4.726661,0,Zwanenburg,NL
Amsterdam,Amsterdam_T1,02:00:00:a2:6a:14,2026-08-11 13:36:38,20.5,52.383301,4.758271,4,Halfweg,NL
Amsterdam,Amsterdam_T1,02:00:00:13:52:76,2026-08-11 13:36:59,22.0,52.3991470336914,4.62305593490601,2,Bloemendaal,NL
Amsterdam,Amsterdam_T1,02:00:00:83:f0:02,2026-08-11 13:35:03,23.1,52.405965,4.631168,2,Haarlem,NL
Amsterdam,Amsterdam_T1,02:00:00:84:91:00,2026-08-11 13:38:34,27.7,52.409397,4.63672,4,Haarlem,NL
Amsterdam,Amsterdam_T1,02:00:00:65:6b:94,2026-08-11 13:38:52,22.6,52.406331,4.652223,0,Haarlem,NL
Amsterdam,Amsterdam_T1,02:00:00:1c:67:e6,2026-08-11 13:34:41,28.7,52.416089,4.628222,3,Santpoort-Zuid,NL
Amsterdam,Amsterdam_T1,02:00:00:7f:be:68,2026-08-11 13:33:52,29.0,52.424201965332,4.62889003753662,9,Velsen,NL
Amsterdam,Amsterdam_T1,02:00:00:2f:2c:10,2026-08-11 13:34:17,25.1,52.4139580938156,4.64802011595694,0,Haarlem,NL
Amsterdam,Amsterdam_T1,02:00:00:a2:0a:b0,2026-08-11 13:34:07,25.8,52.418751,4.6510605,1,Haarlem,NL
Amsterdam,Amsterdam_T1,02:00:00:b9:1c:8a,2026-08-11 13:38:38,26.0,52.4189992,4.65495759999998,0,Haarlem,NL
Amsterdam,Amsterdam_T1,02:00:00:be:06:98,2026-08-11 13:38:24,23.3,52.4134979248047,4.68100881576538,0,Haarlem,NL
Amsterdam,Amsterdam_T1,02:00:00:c6:2e:98,2026-08-11 13:32:36,24.4,52.41549,4.690098,0,Spaarndam,NL
Amsterdam,Amsterdam_T1,02:00:00:03:cf:ae,2026-08-11 13:35:47,23.1,52.430961,4.626516,7,Santpoort-Noord,NL
Amsterdam,Amsterdam_T1,02:00:00:a2:25:f2,2026-08-11 13:34:35,21.8,52.430885,4.633629,5,Santpoort-Noord,NL
Amsterdam,Amsterdam_T1,02:00:00:6b:54:fc,2026-08-11 13:33:01,25.7,52.43138,4.637592,7,Santpoort-Noord,NL
Amsterdam,Amsterdam_T1,02:00:00:34:06:e2,2026-08-11 13:38:56,25.7,52.43278,4.654448,3,Velserbroek,NL
Amsterdam,Amsterdam_T1,02:00:00:b5:b6:ae,2026-08-11 13:40:05,24.4,52.4339768,4.6563109,1,Velsen,NL
Amsterdam,Amsterdam_T1,02:00:00:64:29:b8,2026-08-11 13:32:54,24.6,52.438749,4.657498,1,Velsen,NL
Amsterdam,Amsterdam_T1,02:00:00:ab:ec:c4,2026-08-11 13:32:00,24.3,52.4282927,4.6653309,0,Velserbroek,NL
Amsterdam,Amsterdam_T1,02:00:00:b5:4b:32,2026-08-11 13:35:59,21.4,52.4319432,4.78043320000006,0,Westzaan,NL
Amsterdam,Amsterdam_T1,02:00:00:bc:b6:d4,2026-08-11 13:31:45,25.0,52.4456,4.5918,11,IJmuiden,NL
Amsterdam,Amsterdam_T1,02:00:00:b2:aa:ac,2026-08-11 13:36:28,22.3,52.448609,4.590747,10,IJmuiden,NL
Amsterdam,Amsterdam_T1,02:00:00:a2:3b:be,2026-08-11 13:35:13,22.7,52.442508,4.632853,5,Driehuis NH,NL
Amsterdam,Amsterdam_T1,02:00:00:7f:98:e4,2026-08-11 13:35:29,24.1,52.4443464,4.6335944,7,Driehuis NH,NL
Amsterdam,Amsterdam_T1,02:00:00:a9:65:06,2026-08-11 13:38:05,23.1,52.4453624156696,4.63662952934719,6,Driehuis NH,NL
Amsterdam,Amsterdam_T1,02:00:00:27:13:90,2026-08-11 13:32:09,26.3,52.44252,4.65480000000011,2,Velserbroek,NL
Amsterdam,Amsterdam_T1,02:00:00:9c:fa:06,2026-08-11 13:37:18,27.0,52.4489951330939,4.64108121865961,6,Driehuis NH,NL
Amsterdam,Amsterdam_T1,02:00:00:b5:93:86,2026-08-11 13:37:03,22.1,52.443132,4.68768400000007,0,Velsen-Zuid,NL
Amsterdam,Amsterdam_T1,02:00:00:37:27:c4,2026-08-11 13:34:30,25.1,52.462665,4.602491,9,IJmuiden,NL
Amsterdam,Amsterdam_T1,02:00:00:6b:9c:56,2026-08-11 13:39:46,22.9,52.4615355374391,4.62213646156055,7,IJmuiden,NL
Amsterdam,Amsterdam_T1,02:00:00:33:ff:50,2026-08-11 13:38:50,24.7,52.47222,4.64417,3,Velsen-Noord,NL
Amsterdam,Amsterdam_T1,02:00:00:8d:c5:b8,2026-08-11 13:38:25,22.9,52.481261073535,4.65143322944641,3,Beverwijk,NL
Amsterdam,Amsterdam_T1,02:00:00:73:c3:3e,2026-08-11 13:32:20,22.1,52.469413,4.748364,0,Assendelft,NL
Amsterdam,Amsterdam_T1,02:00:00:a2:60:a8,2026-08-11 13:39:02,26.7,52.4727440027025,4.74969940572919,0,Assendelft,NL
Rotterdam,Rotterdam_T3,02:00:00:7f:98:b0,2026-08-11 13:33:45,24.7,51.793851,4.277562,0,Goudswaard,NL
Rotterdam,Rotterdam_T3,02:00:00:84:01:f4,2026-08-11 13:36:14,24.9,51.795956,4.316063,0,Piershil,NL
Rotterdam,Rotterdam_T3,02:00:00:a4:53:38,2026-08-11 13:37:31,23.6,51.8061561584473,4.34367895126343,0,Nieuw-Beijerland,NL
Rotterdam,Rotterdam_T3,02:00:00:2e:c2:56,2026-08-11 13:37:46,21.9,51.803969,4.38881000000001,0,Hoeksche Waard,NL
Rotterdam,Rotterdam_T3,02:00:00:02:38:06,2026-08-11 13:38:44,24.0,51.79439,4.48133000000004,0,Hoeksche Waard,NL
Rotterdam,Rotterdam_T3,02:00:00:70:24:c0,2026-08-11 13:35:46,24.5,51.79538,4.47853999999995,0,Hoeksche Waard,NL
Rotterdam,Rotterdam_T3,02:00:00:8d:cf:32,2026-08-11 13:34:16,23.4,51.7989258,4.48003469999999,1,Mijnsheerenland,NL
Rotterdam,Rotterdam_T3,02:00:00:9d:1a:da,2026-08-11 13:36:47,22.6,51.8196411132812,4.26557016372681,0,Zuidland,NL
Rotterdam,Rotterdam_T3,02:00:00:17:f3:8c,2026-08-11 13:38:50,23.3,51.813893,4.338688,0,Hoeksche Waard,NL
Rotterdam,Rotterdam_T3,02:00:00:12:63:46,2026-08-11 13:36:24,24.7,51.816084,4.404314,0,Oud-Beijerland,NL
Rotterdam,Rotterdam_T3,02:00:00:7f:ca:72,2026-08-11 13:31:48,24.2,51.819852,4.403548,1,Oud-Beijerland,NL
Rotterdam,Rotterdam_T3,02:00:00:19:32:0a,2026-08-11 13:37:24,25.1,51.8201,4.4265,0,Oud-Beijerland,NL
Rotterdam,Rotterdam_T3,02:00:00:a9:d0:4e,2026-08-11 13:33:30,23.0,51.816875,4.432654,0,Oud-Beijerland,NL
Rotterdam,Rotterdam_T3,02:00:00:b0:a7:c6,2026-08-11 13:40:40,24.8,51.8194923400879,4.42992401123047,0,Oud-Beijerland,NL
Rotterdam,Rotterdam_T3,02:00:00:7b:02:ea,2026-08-11 13:34:27,24.9,51.8268,4.24961,0,Zuidland,NL
Rotterdam,Rotterdam_T3,02:00:00:c6:18:06,2026-08-11 13:34:34,26.5,51.82763,4.25183,0,Zuidland,NL
Rotterdam,Rotterdam_T3,02:00:00:63:0e:9a,2026-08-11 13:30:57,25.7,51.8228896113569,4.25690523338619,0,Nissewaard,NL
Rotterdam,Rotterdam_T3,02:00:00:12:ed:2e,2026-08-11 13:33:54,23.2,51.832122,4.281581,0,Simonshaven,NL
Rotterdam,Rotterdam_T3,02:00:00:bc:cb:30,2026-08-11 13:32:03,25.2,51.833767,4.297901,0,Simonshaven,NL
Rotterdam,Rotterdam_T3,02:00:00:2e:be:70,2026-08-11 13:32:40,25.6,51.828405,4.320218,0,Nissewaard,NL
Rotterdam,Rotterdam_T3,02:00:00:83:80:70,2026-08-11 13:40:31,27.6,51.828982,4.321931,0,Spijkenisse,NL
Rotterdam,Rotterdam_T3,02:00:00:be:05:9e,2026-08-11 13:36:09,25.1,51.8345406,4.3320414,0,Spijkenisse,NL
Rotterdam,Rotterdam_T3,02:00:00:1c:5d:d8,2026-08-11 13:34:36,24.7,51.831596,4.34732,0,Spijkenisse,NL
Rotterdam,Rotterdam_T3,02:00:00:74:30:f8,2026-08-11 13:34:27,25.8,51.83397,4.33733000000001,0,Spijkenisse,NL
Rotterdam,Rotterdam_T3,02:00:00:33:d1:48,2026-08-11 13:33:27,27.5,51.835362,4.340818,0,Spijkenisse,NL
Rotterdam,Rotterdam_T3,02:00:00:a2:45:50,2026-08-11 13:39:07,23.7,51.833564,4.369612,0,Spijkenisse,NL
Rotterdam,Rotterdam_T3,02:00:00:8d:ce:38,2026-08-11 13:36:42,23.0,51.833848,4.370394,0,Spijkenisse,NL
Rotterdam,Rotterdam_T3,02:00:00:74:51:54,2026-08-11 13:36:27,26.4,51.822471,4.422299,0,Oud-Beijerland,NL
Rotterdam,Rotterdam_T3,02:00:00:b9:1f:9e,2026-08-11 13:41:03,24.7,51.826743,4.418683,2,Oud-Beijerland,NL
Rotterdam,Rotterdam_T3,02:00:00:c2:4d:24,2026-08-11 13:31:39,25.1,51.826379,4.423903,1,Oud-Beijerland,NL
Rotterdam,Rotterdam_T3,02:00:00:a9:8c:2e,2026-08-11 13:39:53,23.1,51.826426,4.459057,0,Heinenoord,NL
Rotterdam,Rotterdam_T3,02:00:00:b0:92:a0,2026-08-11 13:36:27,26.0,51.825342,4.484375,0,Heinenoord,NL
Rotterdam,Rotterdam_T3,02:00:00:13:7c:72,2026-08-11 13:35:41,24.8,51.8485857,4.30565690000003,0,Nissewaard,NL
Rotterdam,Rotterdam_T3,02:00:00:b9:2d:18,2026-08-11 13:41:01,25.3,51.836025,4.3121552,0,Nissewaard,NL
Rotterdam,Rotterdam_T3,02:00:00:90:af:46,2026-08-11 13:39:44,25.8,51.83904,4.319577,0,Spijkenisse,NL
Rotterdam,Rotterdam_T3,02:00:00:65:34:82,2026-08-11 13:33:16,26.1,51.8423805236816,4.31939363479614,0,Spijkenisse,NL
Rotterdam,Rotterdam_T3,02:00:00:64:03:2e,2026-08-11 13:37:33,24.9,51.8376460203402,4.32623760891147,0,Spijkenisse,NL
Rotterdam,Rotterdam_T3,02:00:00:a4:28:8e,2026-08-11 13:36:32,24.6,51.8376655578613,4.34094619750977,1,Spijkenisse,NL
Rotterdam,Rotterdam_T3,02:00:00:7a:77:68,2026-08-11 13:37:36,22.5,51.846795,4.341356,1,Spijkenisse,NL
Rotterdam,Rotterdam_T3,02:00:00:28:9b:d0,2026-08-11 13:40:28,25.6,51.836851,4.352763,0,Spijkenisse,NL
Rotterdam,Rotterdam_T3,02:00:00:2a:ee:60,2026-08-11 13:35:20,24.5,51.836635,4.368071,0,Nissewaard,NL
Rotterdam,Rotterdam_T3,02:00:00:19:cc:80,2026-08-11 13:32:40,25.9,51.848418,4.374154,0,Hoogvliet,NL
Rotterdam,Rotterdam_T3,02:00:00:13:6b:d6,2026-08-11 13:37:08,22.9,51.848988,4.417614,0,Poortugaal,NL
Rotterdam,Rotterdam_T3,02:00:00:b5:35:7a,2026-08-11 13:36:47,22.6,51.8507194519043,4.32065153121948,0,Spijkenisse,NL
Rotterdam,Rotterdam_T3,02:00:00:b5:0b:cc,2026-08-11 13:34:05,26.2,51.857194,4.316324,0,Spijkenisse,NL
Rotterdam,Rotterdam_T3,02:00:00:a2:46:e2,2026-08-11 13:38:38,25.4,51.857365,4.316291,0,Spijkenisse,NL
Rotterdam,Rotterdam_T3,02:00:00:6b:34:e8,2026-08-11 13:36:39,22.8,51.853658,4.341445,9,Spijkenisse,NL
Rotterdam,Rotterdam_T3,02:00:00:96:c1:f0,2026-08-11 13:31:47,21.0,51.8526191711426,4.34237861633301,5,Spijkenisse,NL
Rotterdam,Rotterdam_T3,02:00:00:17:5c:2a,2026-08-11 13:33:14,23.1,51.852885,4.342628,5,Spijkenisse,NL
Rotterdam,Rotterdam_T3,02:00:00:5f:22:3e,2026-08-11 13:37:35,25.3,51.8544044494629,4.3646936416626,0,Rotterdam,NL
Rotterdam,Rotterdam_T3,02:00:00:b2:be:60,2026-08-11 13:37:33,26.6,51.857295,4.394365,1,Poortugaal,NL
Rotterdam,Rotterdam_T3,02:00:00:7f:c7:60,2026-08-11 13:34:20,24.6,51.85831,4.3942885,3,Poortugaal,NL
Rotterdam,Rotterdam_T3,02:00:00:bc:e1:0c,2026-08-11 13:37:54,24.7,51.8635694,4.39623120000001,0,Poortugaal,NL
Rotterdam,Rotterdam_T3,02:00:00:01:05:d0,2026-08-11 13:36:25,23.9,51.851921,4.423444,0,Rhoon,NL
Rotterdam,Rotterdam_T3,02:00:00:02:74:06,2026-08-11 13:38:25,22.6,51.858646,4.4091473,0,Poortugaal,NL
Rotterdam,Rotterdam_T3,02:00:00:be:05:6e,2026-08-11 13:36:55,23.0,51.8548644,4.436762,0,Rhoon,NL
Rotterdam,Rotterdam_T3,02:00:00:63:0e:a4,2026-08-11 13:35:55,24.3,51.8575608827219,4.47265219690053,0,Albrandswaard,NL
Rotterdam,Rotterdam_T3,02:00:00:2e:ff:9e,2026-08-11 13:34:17,24.9,51.8538824575246,4.48517918586731,0,Barendrecht,NL
Rotterdam,Rotterdam_T3,02:00:00:03:74:d0,2026-08-11 13:31:25,25.1,51.8517608642578,4.49835109710693,0,Barendrecht,NL
Rotterdam,Rotterdam_T3,02:00:00:2a:d4:c8,2026-08-11 13:39:57,25.5,51.8570636,4.48758950000001,0,Barendrecht,NL
Rotterdam,Rotterdam_T3,02:00:00:bd:e9:04,2026-08-11 13:31:04,23.6,51.866558,4.375568,0,Hoogvliet,NL
Rotterdam,Rotterdam_T3,02:00:00:2b:21:e6,2026-08-11 13:31:22,24.0,51.866558,4.375568,0,Hoogvliet,NL
Rotterdam,Rotterdam_T3,02:00:00:01:01:b4,2026-08-11 13:38:47,24.9,51.8652629979766,4.39664993821385,0,Albrandswaard,NL
Rotterdam,Rotterdam_T3,02:00:00:a2:60:fc,2026-08-11 13:31:17,22.9,51.874794,4.466563,0,Rotterdam,NL
Rotterdam,Rotterdam_T3,02:00:00:3f:61:10,2026-08-11 13:40:25,22.6,51.8779278321971,4.49603729871197,6,Rotterdam,NL
Rotterdam,Rotterdam_T3,02:00:00:73:c0:3a,2026-08-11 13:33:17,25.3,51.887171,4.383392,0,Pernis,NL
Rotterdam,Rotterdam_T3,02:00:00:32:e7:f8,2026-08-11 13:38:35,23.1,51.892172,4.386614,3,Pernis,NL
Rotterdam,Rotterdam_T3,02:00:00:1f:7e:90,2026-08-11 13:35:24,27.7,51.8847667,4.4695263,0,Rotterdam,NL
Rotterdam,Rotterdam_T3,02:00:00:12:73:96,2026-08-11 13:36:38,23.1,51.890287,4.477402,2,Rotterdam,NL
Rotterdam,Rotterdam_T3,02:00:00:c3:9b:aa,2026-08-11 13:40:33,24.4,51.888355255127,4.49187803268433,6,Rotterdam,NL
Rotterdam,Rotterdam_T3,02:00:00:c2:33:4e,2026-08-11 13:39:01,25.3,51.907263,4.232915,1,Rozenburg,NL
Rotterdam,Rotterdam_T3,02:00:00:02:d9:74,2026-08-11 13:34:17,24.7,51.9018321151561,4.23758983612055,2,Rozenburg,NL
Rotterdam,Rotterdam_T3,02:00:00:27:7d:68,2026-08-11 13:31:40,22.1,51.902208,4.248835,4,Rozenburg,NL
Rotterdam,Rotterdam_T3,02:00:00:37:27:ba,2026-08-11 13:32:15,26.8,51.906634,4.321553,0,Vlaardingen,NL
Rotterdam,Rotterdam_T3,02:00:00:63:17:f6,2026-08-11 13:35:33,24.9,51.902018,4.342717,3,Vlaardingen,NL
Rotterdam,Rotterdam_T3,02:00:00:05:59:f0,2026-08-11 13:39:53,24.3,51.904754,4.345775,2,Vlaardingen,NL
Rotterdam,Rotterdam_T3,02:00:00:74:32:c6,2026-08-11 13:38:57,22.2,51.904912,4.345329,3,Vlaardingen,NL
Rotterdam,Rotterdam_T3,02:00:00:c2:45:d6,2026-08-11 13:37:01,25.1,51.905582,4.405567,0,Schiedam,NL
Rotterdam,Rotterdam_T3,02:00:00:9d:29:a2,2026-08-11 13:32:28,21.4,51.901312,4.458192,6,Rotterdam,NL
Rotterdam,Rotterdam_T3,02:00:00:53:3b:14,2026-08-11 13:34:43,22.6,51.902036,4.457739,3,Rotterdam,NL
Rotterdam,Rotterdam_T3,02:00:00:2f:1e:fc,2026-08-11 13:38:18,24.7,51.904843,4.463923,2,Rotterdam,NL
Rotterdam,Rotterdam_T3,02:00:00:74:01:48,2026-08-11 13:40:32,23.2,51.8981435405119,4.48277876129779,1,Rotterdam,NL
Rotterdam,Rotterdam_T3,02:00:00:1f:6b:c0,2026-08-11 13:32:16,21.7,51.8992767333984,4.48442125320435,2,Rotterdam,NL
Rotterdam,Rotterdam_T3,02:00:00:2b:09:b6,2026-08-11 13:36:13,20.9,51.8965726546856,4.49371075471399,8,Rotterdam,NL
Rotterdam,Rotterdam_T3,02:00:00:83:d5:b2,2026-08-11 13:36:03,24.5,51.9090338875657,4.23565328121185,0,Rozenburg,NL
Rotterdam,Rotterdam_T3,02:00:00:63:45:86,2026-08-11 13:33:14,24.5,51.909344,4.23864,1,Rozenburg,NL
Rotterdam,Rotterdam_T3,02:00:00:3c:fa:c8,2026-08-11 13:33:58,24.3,51.911378,4.236979,2,Rotterdam,NL
Rotterdam,Rotterdam_T3,02:00:00:83:ef:60,2026-08-11 13:38:42,29.3,51.909076,4.242459,3,Rozenburg,NL
Rotterdam,Rotterdam_T3,02:00:00:a9:4f:c2,2026-08-11 13:39:25,23.7,51.916124,4.24886000000006,3,Maassluis,NL
Rotterdam,Rotterdam_T3,02:00:00:a2:70:a6,2026-08-11 13:38:40,26.9,51.913362,4.256699,5,Maassluis,NL
Rotterdam,Rotterdam_T3,02:00:00:b9:43:b0,2026-08-11 13:35:28,28.6,51.908927,4.313466,0,Vlaardingen,NL
Rotterdam,Rotterdam_T3,02:00:00:bc:f6:62,2026-08-11 13:32:12,24.2,51.913163646918,4.31969458235608,0,Vlaardingen,NL
Rotterdam,Rotterdam_T3,02:00:00:74:4a:40,2026-08-11 13:39:08,25.3,51.914186,4.332811,0,Vlaardingen,NL
Rotterdam,Rotterdam_T3,02:00:00:bd:0a:46,2026-08-11 13:37:40,22.2,51.909511,4.348642,4,Vlaardingen,NL
Rotterdam,Rotterdam_T3,02:00:00:04:5f:98,2026-08-11 13:39:44,23.3,51.9108,4.3483,2,Vlaardingen,NL
Rotterdam,Rotterdam_T3,02:00:00:58:c6:ce,2026-08-11 13:33:06,24.0,51.9178282,4.3598377,1,Vlaardingen,NL
Rotterdam,Rotterdam_T3,02:00:00:7f:be:10,2026-08-11 13:37:35,24.8,51.91672,4.3632045,2,Vlaardingen,NL
Rotterdam,Rotterdam_T3,02:00:00:53:40:9c,2026-08-11 13:31:08,23.7,51.9151587373229,4.39174242923392,0,Schiedam,NL
Rotterdam,Rotterdam_T3,02:00:00:53:5b:da,2026-08-11 13:37:33,23.6,51.908555,4.401612,2,Schiedam,NL
Rotterdam,Rotterdam_T3,02:00:00:7f:b3:02,2026-08-11 13:36:43,22.2,51.91247,4.4030027,4,Schiedam,NL
Rotterdam,Rotterdam_T3,02:00:00:b9:1f:4a,2026-08-11 13:37:00,22.2,51.9213366779173,4.40755754480418,11,Schiedam,NL
Rotterdam,Rotterdam_T3,02:00:00:34:0c:22,2026-08-11 13:38:39,25.0,51.921128016101,4.40852165222168,2,Schiedam,NL
Rotterdam,Rotterdam_T3,02:00:00:2a:f8:5e,2026-08-11 13:31:19,28.2,51.915024,4.4355793,9,Rotterdam,NL
Rotterdam,Rotterdam_T3,02:00:00:b5:80:32,2026-08-11 13:30:59,23.9,51.918558,4.449248,4,Rotterdam,NL
Rotterdam,Rotterdam_T3,02:00:00:96:ec:a8,2026-08-11 13:34:26,23.0,51.9101295471191,4.44982385635376,3,Rotterdam,NL
Rotterdam,Rotterdam_T3,02:00:00:84:0b:f4,2026-08-11 13:36:51,24.1,51.910764,4.459764,4,Rotterdam,NL
Rotterdam,Rotterdam_T3,02:00:00:33:2f:18,2026-08-11 13:35:20,23.4,51.911367,4.460016,4,Rotterdam,NL
Rotterdam,Rotterdam_T3,02:00:00:01:40:74,2026-08-11 13:38:12,26.2,51.918188,4.456922,5,Rotterdam,NL
Rotterdam,Rotterdam_T3,02:00:00:7f:8b:fa,2026-08-11 13:39:58,24.8,51.9101171296848,4.48145787979085,11,Rotterdam,NL
Rotterdam,Rotterdam_T3,02:00:00:9b:51:8a,2026-08-11 13:31:13,22.8,51.9145812294122,4.47774262764995,4,Rotterdam,NL
Rotterdam,Rotterdam_T3,02:00:00:b5:93:7c,2026-08-11 13:38:42,22.7,51.913771,4.481875,4,Rotterdam,NL
Rotterdam,Rotterdam_T3,02:00:00:b9:51:52,2026-08-11 13:32:12,25.2,51.929904,4.233498,5,Maassluis,NL
Rotterdam,Rotterdam_T3,02:00:00:b9:59:00,2026-08-11 13:32:30,27.8,51.92626,4.237906,4,Maassluis,NL
Rotterdam,Rotterdam_T3,02:00:00:5e:de:d4,2026-08-11 13:32:22,24.6,51.930162,4.236797,4,Maassluis,NL
Rotterdam,Rotterdam_T3,02:00:00:b5:3d:e2,2026-08-11 13:33:27,24.9,51.9271297,4.2515983,1,Maassluis,NL
Rotterdam,Rotterdam_T3,02:00:00:5f:15:be,2026-08-11 13:36:52,25.5,51.930806,4.250148,4,Maassluis,NL
Rotterdam,Rotterdam_T3,02:00:00:01:cf:56,2026-08-11 13:31:42,28.1,51.9234903998484,4.25831994624131,0,Maassluis,NL
Rotterdam,Rotterdam_T3,02:00:00:7f:94:b0,2026-08-11 13:39:29,24.0,51.931354,4.269027,0,Maasland,NL
Rotterdam,Rotterdam_T3,02:00:00:29:09:70,2026-08-11 13:33:02,22.8,51.932986,4.267365,1,Maasland,NL
Rotterdam,Rotterdam_T3,02:00:00:b5:74:1c,2026-08-11 13:36:07,23.2,51.93374,4.26775999999999,0,Maasland,NL
Rotterdam,Rotterdam_T3,02:00:00:74:5b:ca,2026-08-11 13:39:17,25.2,51.926291,4.345459,3,Vlaardingen,NL
Rotterdam,Rotterdam_T3,02:00:00:b5:a0:52,2026-08-11 13:35:49,23.2,51.927282,4.347004,0,Vlaardingen,NL
Rotterdam,Rotterdam_T3,02:00:00:36:d7:e4,2026-08-11 13:34:12,23.1,51.9296493530273,4.34874200820923,0,Vlaardingen,NL
Rotterdam,Rotterdam_T3,02:00:00:64:20:80,2026-08-11 13:31:44,28.4,51.9364242553711,4.36015510559082,0,Vlaardingen,NL
Rotterdam,Rotterdam_T3,02:00:00:bc:d1:1c,2026-08-11 13:41:14,28.5,51.9350965,4.36687449999998,2,Schiedam,NL
Rotterdam,Rotterdam_T3,02:00:00:c6:23:6c,2026-08-11 13:38:45,27.0,51.934768,4.381632,0,Schiedam,NL
Rotterdam,Rotterdam_T3,02:00:00:96:ea:9e,2026-08-11 13:38:23,22.4,51.925392,4.39834,2,Schiedam,NL
Rotterdam,Rotterdam_T3,02:00:00:ab:cb:62,2026-08-11 13:38:17,26.2,51.930617,4.445321,0,Rotterdam,NL
Rotterdam,Rotterdam_T3,02:00:00:74:09:f2,2026-08-11 13:37:08,27.8,51.92814,4.456759,1,Rotterdam,NL
Rotterdam,Rotterdam_T3,02:00:00:28:6f:3e,2026-08-11 13:36:23,27.5,51.9340316,4.4594037,5,Rotterdam,NL
Rotterdam,Rotterdam_T3,02:00:00:02:c6:84,2026-08-11 13:32:16,26.7,51.926464,4.470126,3,Rotterdam,NL
Rotterdam,Rotterdam_T3,02:00:00:a2:62:ec,2026-08-11 13:30:51,22.4,51.9227752685547,4.4809513092041,8,Rotterdam,NL
Rotterdam,Rotterdam_T3,02:00:00:a9:49:dc,2026-08-11 13:34:45,22.2,51.9230452,4.48168170000002,3,Rotterdam,NL
Rotterdam,Rotterdam_T3,02:00:00:90:b7:5e,2026-08-11 13:36:39,27.5,51.92631,4.480658,2,Rotterdam,NL
Rotterdam,Rotterdam_T3,02:00:00:b9:1f:48,2026-08-11 13:31:41,23.0,51.939256,4.230721,1,Maassluis,NL
Rotterdam,Rotterdam_T3,02:00:00:84:0e:9e,2026-08-11 13:35:09,23.4,51.939707,4.230973,0,Maassluis,NL
Rotterdam,Rotterdam_T3,02:00:00:12:fb:ba,2026-08-11 13:28:48,24.7,51.941607,4.230965,2,Maassluis,NL
Rotterdam,Rotterdam_T3,02:00:00:b5:53:1c,2026-08-11 13:32:57,25.7,51.949414,4.270392,0,Maasland,NL
Rotterdam,Rotterdam_T3,02:00:00:c5:33:20,2026-08-11 13:36:35,23.8,51.940538,4.34364800000001,0,Vlaardingen,NL
Rotterdam,Rotterdam_T3,02:00:00:70:4d:76,2026-08-11 13:37:16,24.3,51.940698,4.344899,0,Vlaardingen,NL
Rotterdam,Rotterdam_T3,02:00:00:7f:d3:b4,2026-08-11 13:35:58,23.5,51.937524,4.359107,1,,NL
Rotterdam,Rotterdam_T3,02:00:00:bd:fb:70,2026-08-11 13:34:02,21.4,51.945864,4.366965,0,Schiedam,NL
Rotterdam,Rotterdam_T3,02:00:00:3a:10:aa,2026-08-11 13:31:57,23.8,51.943986,4.367671,0,Schiedam,NL
Rotterdam,Rotterdam_T3,02:00:00:c2:47:20,2026-08-11 13:34:03,27.5,51.9439924764897,4.36914500755194,0,Schiedam,NL
Rotterdam,Rotterdam_T3,02:00:00:04:6f:aa,2026-08-11 13:36:15,27.5,51.9441,4.3839,0,Schiedam,NL
Rotterdam,Rotterdam_T3,02:00:00:9c:d6:c8,2026-08-11 13:35:52,27.1,51.9391683837513,4.42066682686317,4,Rotterdam,NL
Rotterdam,Rotterdam_T3,02:00:00:96:bd:fa,2026-08-11 13:39:56,25.0,51.943919,4.426938,1,Rotterdam,NL
Rotterdam,Rotterdam_T3,02:00:00:90:8a:8e,2026-08-11 13:35:15,24.3,51.9372746579483,4.4418073394422,2,Rotterdam,NL
Rotterdam,Rotterdam_T3,02:00:00:7f:93:30,2026-08-11 13:38:07,24.0,51.937051,4.442832,0,Rotterdam,NL
Rotterdam,Rotterdam_T3,02:00:00:2b:02:62,2026-08-11 13:31:23,23.9,51.939917,4.448351,0,Rotterdam,NL
Rotterdam,Rotterdam_T3,02:00:00:bd:e0:c8,2026-08-11 13:36:09,23.6,51.946104,4.46737,0,Rotterdam,NL
Rotterdam,Rotterdam_T3,02:00:00:90:71:58,2026-08-11 13:38:29,22.7,51.93707,4.479222,3,Rotterdam,NL
Rotterdam,Rotterdam_T3,02:00:00:bc:e3:ec,2026-08-11 13:36:33,24.6,51.9374587797425,4.49468157586424,2,Rotterdam,NL
Rotterdam,Rotterdam_T3,02:00:00:bd:de:c6,2026-08-11 13:32:03,25.2,51.937429,4.495607,0,Rotterdam,NL
Rotterdam,Rotterdam_T3,02:00:00:17:e0:1e,2026-08-11 13:34:36,24.4,51.955246,4.314398,0,Maasland,NL
Rotterdam,Rotterdam_T3,02:00:00:3f:16:82,2026-08-11 13:31:24,25.5,51.962066,4.395128,1,Rotterdam,NL
Rotterdam,Rotterdam_T3,02:00:00:65:28:6e,2026-08-11 13:33:39,27.9,51.95247,4.46971,0,Rotterdam,NL
Rotterdam,Rotterdam_T3,02:00:00:83:f8:50,2026-08-11 13:39:40,26.3,51.962386,4.475915,0,Rotterdam,NL
Rotterdam,Rotterdam_T3,02:00:00:19:c2:10,2026-08-11 13:36:27,27.2,51.96346,4.48096700000011,0,Rotterdam,NL
Rotterdam,Rotterdam_T3,02:00:00:65:85:b0,2026-08-11 13:37:43,24.3,51.958444,4.499749,-2,Hillegersberg,NL
Rotterdam,Rotterdam_T3,02:00:00:63:1a:22,2026-08-11 13:34:01,23.8,51.6236701089152,4.34694113409063,0,Steenbergen,NL
Rotterdam,Rotterdam_T3,02:00:00:c6:2c:46,2026-08-11 13:39:31,26.1,51.631416,4.372295,0,Dinteloord,NL
Rotterdam,Rotterdam_T3,02:00:00:20:b9:22,2026-08-11 13:33:01,26.3,51.6701335,4.4339254,0,Moerdijk,NL
Rotterdam,Rotterdam_T3,02:00:00:03:c6:e6,2026-08-11 13:37:53,25.8,51.67676,4.280786,1,Achthuizen,NL
Rotterdam,Rotterdam_T3,02:00:00:00:c0:58,2026-08-11 13:31:24,26.1,51.6819045,4.34173109999998,0,Ooltgensplaat,NL
Rotterdam,Rotterdam_T3,02:00:00:b4:fb:38,2026-08-11 13:30:59,26.9,51.681307,4.348927,0,Ooltgensplaat,NL
Rotterdam,Rotterdam_T3,02:00:00:27:a4:b8,2026-08-11 13:36:27,24.0,51.6812508926277,4.35058694333247,1,Goeree-Overflakkee,NL
Rotterdam,Rotterdam_T3,02:00:00:b5:8b:d6,2026-08-11 13:35:16,22.9,51.6838863515784,4.44104789634028,0,Moerdijk,NL
Rotterdam,Rotterdam_T3,02:00:00:9c:f8:e2,2026-08-11 13:33:10,22.8,51.68679,4.445939,0,Helwijk,NL
Rotterdam,Rotterdam_T3,02:00:00:a9:e2:48,2026-08-11 13:38:24,23.9,51.701777,4.25903699999997,0,Den Bommel,NL
Rotterdam,Rotterdam_T3,02:00:00:7a:f8:86,2026-08-11 13:37:59,25.4,51.715689,4.281123,0,Den Bommel,NL
Rotterdam,Rotterdam_T3,02:00:00:a4:47:94,2026-08-11 13:34:45,24.3,51.728052,4.43449,0,Numansdorp,NL
Rotterdam,Rotterdam_T3,02:00:00:84:04:a0,2026-08-11 13:37:23,25.9,51.729639,4.443646,0,Numansdorp,NL
Rotterdam,Rotterdam_T3,02:00:00:ab:c1:52,2026-08-11 13:38:43,23.9,51.7272605895996,4.44469356536865,0,Numansdorp,NL
Rotterdam,Rotterdam_T3,02:00:00:a4:79:32,2026-08-11 13:37:37,26.3,51.7287788391113,4.4539942741394,0,Numansdorp,NL
Rotterdam,Rotterdam_T3,02:00:00:2f:24:58,2026-08-11 13:36:12,24.4,51.7388602,4.23624810000001,0,Goeree-Overflakkee,NL
Rotterdam,Rotterdam_T3,02:00:00:a2:1f:5c,2026-08-11 13:39:30,24.2,51.740426,4.44279,0,Numansdorp,NL
Rotterdam,Rotterdam_T3,02:00:00:04:57:14,2026-08-11 13:35:40,23.9,51.74081,4.442848,0,Numansdorp,NL
Rotterdam,Rotterdam_T3,02:00:00:65:49:fc,2026-08-11 13:38:00,25.2,51.741867,4.449701,0,Numansdorp,NL
Rotterdam,Rotterdam_T3,02:00:00:64:1b:1e,2026-08-11 13:31:03,22.9,51.757112,4.343231,0,Zuid-Beijerland,NL
Rotterdam,Rotterdam_T3,02:00:00:b9:01:1c,2026-08-11 13:37:31,22.3,51.752419,4.373465,0,Zuid-Beijerland,NL
Rotterdam,Rotterdam_T3,02:00:00:84:8d:94,2026-08-11 13:31:44,24.2,51.776696,4.324838,0,Zuid-Beijerland,NL
Rotterdam,Rotterdam_T3,02:00:00:bd:1c:46,2026-08-11 13:34:21,26.0,51.767225,4.471495,0,Klaaswaal,NL
Rotterdam,Rotterdam_T3,02:00:00:74:37:3c,2026-08-11 13:38:33,27.4,51.777489,4.487307,0,Strijen,NL
Rotterdam,Rotterdam_T3,02:00:00:a9:e7:4c,2026-08-11 13:38:42,23.0,51.788367,4.337116,0,Piershil,NL
Rotterdam,Rotterdam_T3,02:00:00:3f:02:c2,2026-08-11 13:34:52,23.1,51.7791628378921,4.35718958692851,0,Nieuw-Beijerland,NL
Rotterdam,Rotterdam_T3,02:00:00:ab:e4:a6,2026-08-11 13:32:26,25.0,51.781329,4.365849,0,Hoeksche Waard,NL
Rotterdam,Rotterdam_T3,02:00:00:c3:a9:14,2026-08-11 13:39:34,26.9,51.7901851790411,4.47175113435905,0,Westmaas,NL
Rotterdam,Rotterdam_T3,02:00:00:a9:ac:00,2026-08-11 13:35:51,26.5,51.788327,4.478044,0,Westmaas,NL
