city_area,tile_id,device_id,timestamp_amsterdam,temperature_c,latitude,longitude,altitude_m,location_name,country
Utrecht,Utrecht_T1,02:00:00:a9:7a:0e,2026-06-29 00:57:48,18.3,52.140232,5.0987544,0,Tienhoven,NL
Utrecht,Utrecht_T1,02:00:00:02:f6:0e,2026-06-29 00:57:53,21.0,52.197652,5.132777,2,Loosdrecht,NL
Utrecht,Utrecht_T1,02:00:00:b0:a9:90,2026-06-29 00:58:56,20.8,52.200455,5.136932,3,Loosdrecht,NL
Utrecht,Utrecht_T1,02:00:00:01:ad:e6,2026-06-29 00:51:53,21.5,52.2024453567653,5.13724302708387,4,Loosdrecht,NL
Utrecht,Utrecht_T1,02:00:00:64:1b:94,2026-06-29 00:50:17,20.8,52.20692,5.09326999999999,1,Loosdrecht,NL
Utrecht,Utrecht_T1,02:00:00:00:10:50,2026-06-29 00:54:47,21.2,52.2050161837691,5.12837827205658,3,Loosdrecht,NL
Utrecht,Utrecht_T1,02:00:00:7b:01:10,2026-06-29 00:59:09,21.1,52.205692,5.131749,1,Loosdrecht,NL
Utrecht,Utrecht_T1,02:00:00:3c:ed:a2,2026-06-29 00:50:39,20.6,52.204017,5.140781,2,Loosdrecht,NL
Utrecht,Utrecht_T1,02:00:00:b9:7b:2e,2026-06-29 00:58:23,21.3,52.204017,5.140781,2,Loosdrecht,NL
Utrecht,Utrecht_T1,02:00:00:a2:46:44,2026-06-29 00:59:57,21.9,52.21016,5.159996,7,Hilversum,NL
Utrecht,Utrecht_T1,02:00:00:bd:fd:a6,2026-06-29 00:49:50,21.8,52.2087615,5.16269899999998,13,Hilversum,NL
Utrecht,Utrecht_T1,02:00:00:b5:4f:02,2026-06-29 00:55:01,20.4,52.2167510750697,5.15140235424042,4,Hilversum,NL
Utrecht,Utrecht_T1,02:00:00:c3:82:e2,2026-06-29 00:50:58,21.1,52.212936,5.157038,6,Hilversum,NL
Utrecht,Utrecht_T1,02:00:00:01:3a:f2,2026-06-29 00:57:26,21.4,52.2149722583813,5.16004279666198,7,Hilversum,NL
Utrecht,Utrecht_T1,02:00:00:7a:7b:b6,2026-06-29 00:52:14,20.8,52.216152,5.1599503,9,Hilversum,NL
Utrecht,Utrecht_T1,02:00:00:27:9d:5e,2026-06-29 00:51:16,21.7,52.2139047447403,5.17507553100586,15,Hilversum,NL
Utrecht,Utrecht_T1,02:00:00:2c:c0:f8,2026-06-29 00:51:31,22.6,52.215289,5.191587,6,Hilversum,NL
Utrecht,Utrecht_T1,02:00:00:a9:99:4e,2026-06-29 00:54:08,21.7,52.217244,5.19999860000001,6,Hilversum,NL
Utrecht,Utrecht_T1,02:00:00:53:5a:42,2026-06-29 00:59:11,21.4,52.218062,5.125525,1,Hilversum,NL
Utrecht,Utrecht_T1,02:00:00:32:e1:fc,2026-06-29 00:51:50,21.1,52.21986,5.138679,0,Hilversum,NL
Utrecht,Utrecht_T1,02:00:00:9c:fe:ea,2026-06-29 00:57:43,22.1,52.221093,5.142468,4,Hilversum,NL
Utrecht,Utrecht_T1,02:00:00:27:41:20,2026-06-29 00:57:32,21.5,52.221503317108,5.17643809318542,7,Hilversum,NL
Utrecht,Utrecht_T1,02:00:00:7f:c0:96,2026-06-29 00:49:30,22.8,52.22016524,5.18491051,8,Hilversum,NL
Utrecht,Utrecht_T1,02:00:00:64:32:10,2026-06-29 00:54:54,23.3,52.223183,5.198284,5,Hilversum,NL
Utrecht,Utrecht_T1,02:00:00:9b:49:56,2026-06-29 00:53:14,21.2,52.0555172581761,5.07246375001336,1,Nieuwegein,NL
Utrecht,Utrecht_T1,02:00:00:a4:2e:9e,2026-06-29 00:54:15,19.2,52.057163,5.071938,1,Nieuwegein,NL
Utrecht,Utrecht_T1,02:00:00:a9:c0:b8,2026-06-29 00:54:08,21.7,52.058835,5.135174,4,Utrecht,NL
Utrecht,Utrecht_T1,02:00:00:bd:dc:c4,2026-06-29 00:50:40,20.9,52.0630189775525,5.12959063053131,4,Utrecht,NL
Utrecht,Utrecht_T1,02:00:00:27:58:00,2026-06-29 00:50:55,20.9,52.06631,5.128964,4,Utrecht,NL
Utrecht,Utrecht_T1,02:00:00:2e:c2:fe,2026-06-29 00:58:17,20.9,52.060052,5.134025,4,Utrecht,NL
Utrecht,Utrecht_T1,02:00:00:3e:ec:de,2026-06-29 00:59:18,22.6,52.0628885050208,5.13711911594507,4,Utrecht,NL
Utrecht,Utrecht_T1,02:00:00:28:ec:80,2026-06-29 00:58:09,20.6,52.065526,5.200063,5,Bunnik,NL
Utrecht,Utrecht_T1,02:00:00:63:34:44,2026-06-29 00:58:23,20.2,52.0706,5.0769,0,Utrecht,NL
Utrecht,Utrecht_T1,02:00:00:02:f3:b2,2026-06-29 00:57:41,22.2,52.0684013366699,5.10129976272583,4,Utrecht,NL
Utrecht,Utrecht_T1,02:00:00:02:26:50,2026-06-29 00:50:24,21.1,52.0673127854311,5.1019960641861,3,Utrecht,NL
Utrecht,Utrecht_T1,02:00:00:29:08:ec,2026-06-29 00:59:39,21.7,52.072575,5.120578,2,Utrecht,NL
Utrecht,Utrecht_T1,02:00:00:37:1d:2c,2026-06-29 00:53:36,21.2,52.0740013122559,5.11969995498657,1,Utrecht,NL
Utrecht,Utrecht_T1,02:00:00:b5:00:ce,2026-06-29 00:52:31,21.2,52.069854,5.12234250000003,4,Utrecht,NL
Utrecht,Utrecht_T1,02:00:00:a9:6f:5c,2026-06-29 00:56:55,21.8,52.073802947998,5.12334251403809,5,Utrecht,NL
Utrecht,Utrecht_T1,02:00:00:1e:2a:90,2026-06-29 00:53:39,21.0,52.070201,5.125238,4,Utrecht,NL
Utrecht,Utrecht_T1,02:00:00:65:70:6e,2026-06-29 00:58:41,19.4,52.069762,5.187772,3,Bunnik,NL
Utrecht,Utrecht_T1,02:00:00:1b:06:58,2026-06-29 00:52:18,20.0,52.0673070316701,5.19202797330763,5,Bunnik,NL
Utrecht,Utrecht_T1,02:00:00:83:ec:80,2026-06-29 00:52:12,20.4,52.077263,5.0638604,0,Utrecht,NL
Utrecht,Utrecht_T1,02:00:00:90:d2:70,2026-06-29 00:57:58,22.5,52.081236,5.086788,3,Utrecht,NL
Utrecht,Utrecht_T1,02:00:00:00:ec:e0,2026-06-29 00:55:42,22.2,52.0783359526579,5.11196332515445,6,Utrecht,NL
Utrecht,Utrecht_T1,02:00:00:a9:6f:60,2026-06-29 00:50:57,22.7,52.079962,5.114904,2,Utrecht,NL
Utrecht,Utrecht_T1,02:00:00:2f:04:02,2026-06-29 00:52:46,22.0,52.08055,5.122316,6,Utrecht,NL
Utrecht,Utrecht_T1,02:00:00:69:29:62,2026-06-29 00:56:13,22.4,52.0756661902043,5.13833000000005,6,Utrecht,NL
Utrecht,Utrecht_T1,02:00:00:90:79:e6,2026-06-29 00:59:14,22.0,52.07892,5.14051000000002,4,Utrecht,NL
Utrecht,Utrecht_T1,02:00:00:53:25:54,2026-06-29 00:54:00,20.7,52.081985,5.087011,2,Utrecht,NL
Utrecht,Utrecht_T1,02:00:00:01:04:a2,2026-06-29 00:50:46,20.7,52.086276,5.08958300000004,8,Utrecht,NL
Utrecht,Utrecht_T1,02:00:00:5f:20:4a,2026-06-29 00:53:56,21.6,52.0821,5.108,1,Utrecht,NL
Utrecht,Utrecht_T1,02:00:00:b5:08:94,2026-06-29 00:57:57,21.4,52.0842805951218,5.12355080298444,8,Utrecht,NL
Utrecht,Utrecht_T1,02:00:00:a2:3c:08,2026-06-29 00:51:30,21.5,52.081358764963,5.13511598110199,2,Utrecht,NL
Utrecht,Utrecht_T1,02:00:00:52:de:e4,2026-06-29 00:56:19,21.1,52.08746,5.132928,3,Utrecht,NL
Utrecht,Utrecht_T1,02:00:00:02:9c:e4,2026-06-29 00:50:15,20.5,52.088481,5.143561,2,Utrecht,NL
Utrecht,Utrecht_T1,02:00:00:63:37:c0,2026-06-29 00:53:19,22.6,52.0846376741441,5.14990675244556,4,Utrecht,NL
Utrecht,Utrecht_T1,02:00:00:84:9e:e4,2026-06-29 00:54:38,21.2,52.085608,5.153452,1,Utrecht,NL
Utrecht,Utrecht_T1,02:00:00:58:71:a0,2026-06-29 00:55:33,22.9,52.0910855835456,5.06979963657994,0,Utrecht,NL
Utrecht,Utrecht_T1,02:00:00:8d:c3:0e,2026-06-29 00:53:50,22.6,52.09396,5.067146,1,Utrecht,NL
Utrecht,Utrecht_T1,02:00:00:5e:f9:3e,2026-06-29 00:53:31,21.6,52.095,5.06790999999997,2,Utrecht,NL
Utrecht,Utrecht_T1,02:00:00:02:ab:72,2026-06-29 00:56:47,21.3,52.089195,5.089759,4,Utrecht,NL
Utrecht,Utrecht_T1,02:00:00:70:58:26,2026-06-29 00:57:17,20.8,52.093772,5.087235,3,Utrecht,NL
Utrecht,Utrecht_T1,02:00:00:b5:3c:02,2026-06-29 00:56:45,21.7,52.0945,5.09406000000001,4,Utrecht,NL
Utrecht,Utrecht_T1,02:00:00:b9:42:72,2026-06-29 00:52:48,22.2,52.0899963378906,5.09774255752563,4,Utrecht,NL
Utrecht,Utrecht_T1,02:00:00:52:c7:3e,2026-06-29 00:55:11,22.1,52.090397,5.101962,3,Utrecht,NL
Utrecht,Utrecht_T1,02:00:00:3c:db:f4,2026-06-29 00:53:31,22.6,52.092422,5.120636,12,Utrecht,NL
Utrecht,Utrecht_T1,02:00:00:bd:cf:26,2026-06-29 00:56:49,22.2,52.0907374,5.12142010000002,18,Utrecht,NL
Utrecht,Utrecht_T1,02:00:00:27:49:d0,2026-06-29 00:55:53,21.7,52.091476,5.122634,10,Utrecht,NL
Utrecht,Utrecht_T1,02:00:00:5f:23:9a,2026-06-29 00:54:44,22.8,52.0947967203465,5.12172407991812,9,Utrecht,NL
Utrecht,Utrecht_T1,02:00:00:5e:ef:2e,2026-06-29 00:53:24,21.5,52.09442,5.134765,6,Utrecht,NL
Utrecht,Utrecht_T1,02:00:00:5f:20:04,2026-06-29 00:59:26,21.2,52.0938845651776,5.13856323934985,6,Utrecht,NL
Utrecht,Utrecht_T1,02:00:00:7a:71:9a,2026-06-29 00:52:04,22.6,52.096183,5.065176,1,Utrecht,NL
Utrecht,Utrecht_T1,02:00:00:c3:a6:ae,2026-06-29 00:56:18,20.8,52.0966653034839,5.07333587462335,0,Utrecht,NL
Utrecht,Utrecht_T1,02:00:00:bd:c5:ea,2026-06-29 00:53:07,22.5,52.1026685527433,5.09375521405393,1,Utrecht,NL
Utrecht,Utrecht_T1,02:00:00:52:d7:a4,2026-06-29 00:54:48,21.2,52.101415,5.10791,5,Utrecht,NL
Utrecht,Utrecht_T1,02:00:00:28:df:e8,2026-06-29 00:53:47,21.2,52.09981,5.11318999999998,4,Utrecht,NL
Utrecht,Utrecht_T1,02:00:00:b5:97:f6,2026-06-29 00:58:29,21.3,52.100982,5.113231,4,Utrecht,NL
Utrecht,Utrecht_T1,02:00:00:74:7c:d8,2026-06-29 00:57:59,21.5,52.101892,5.11485,3,Utrecht,NL
Utrecht,Utrecht_T1,02:00:00:3c:f5:5e,2026-06-29 00:56:17,21.3,52.095871,5.131864,3,Utrecht,NL
Utrecht,Utrecht_T1,02:00:00:84:71:14,2026-06-29 00:52:59,21.6,52.09809,5.1227045,4,Utrecht,NL
Utrecht,Utrecht_T1,02:00:00:b4:ee:1a,2026-06-29 00:57:09,21.4,52.099659,5.124221,4,Utrecht,NL
Utrecht,Utrecht_T1,02:00:00:29:5e:d2,2026-06-29 00:56:57,21.3,52.097858,5.137552,1,Utrecht,NL
Utrecht,Utrecht_T1,02:00:00:2c:9c:64,2026-06-29 00:58:19,20.7,52.098562,5.141,4,Utrecht,NL
Utrecht,Utrecht_T1,02:00:00:64:29:de,2026-06-29 00:51:32,22.3,52.105162,5.100294,2,Utrecht,NL
Utrecht,Utrecht_T1,02:00:00:28:cf:22,2026-06-29 00:53:36,20.4,52.107056,5.121125,2,Utrecht,NL
Utrecht,Utrecht_T1,02:00:00:9c:e4:3c,2026-06-29 00:52:26,20.8,52.103779,5.12255,4,Utrecht,NL
Utrecht,Utrecht_T1,02:00:00:03:ca:56,2026-06-29 00:50:54,21.7,52.106408,5.125732,3,Utrecht,NL
Utrecht,Utrecht_T1,02:00:00:b5:0b:b6,2026-06-29 00:53:28,20.6,52.1083564758301,5.13924789428711,2,Utrecht,NL
Utrecht,Utrecht_T1,02:00:00:7f:c5:ac,2026-06-29 00:51:20,20.5,52.106043,5.143182,5,Utrecht,NL
Utrecht,Utrecht_T1,02:00:00:58:d2:58,2026-06-29 00:50:33,20.8,52.104095,5.144752,0,Utrecht,NL
Utrecht,Utrecht_T1,02:00:00:14:60:ec,2026-06-29 00:56:13,22.0,52.106249,5.171551,3,De Bilt,NL
Utrecht,Utrecht_T1,02:00:00:a2:02:8a,2026-06-29 00:56:18,22.2,52.106261,5.177714,5,De Bilt,NL
Utrecht,Utrecht_T1,02:00:00:70:4e:ba,2026-06-29 00:50:51,21.3,52.112316,5.090597,1,Utrecht,NL
Utrecht,Utrecht_T1,02:00:00:01:d1:6c,2026-06-29 00:59:47,21.7,52.1147232055664,5.11503601074219,7,Utrecht,NL
Utrecht,Utrecht_T1,02:00:00:a9:a9:ac,2026-06-29 00:52:50,22.2,52.11504,5.11446000000007,4,Utrecht,NL
Utrecht,Utrecht_T1,02:00:00:7b:00:16,2026-06-29 00:56:47,21.8,52.116092,5.116809,5,Utrecht,NL
Utrecht,Utrecht_T1,02:00:00:33:fc:c2,2026-06-29 00:58:56,21.4,52.112909,5.143128,1,Utrecht,NL
Utrecht,Utrecht_T1,02:00:00:3d:0c:b8,2026-06-29 00:52:13,22.3,52.1120604,5.1477574,2,Utrecht,NL
Utrecht,Utrecht_T1,02:00:00:a2:28:d4,2026-06-29 00:51:50,21.8,52.11298,5.176283,3,De Bilt,NL
Utrecht,Utrecht_T1,02:00:00:74:4f:c6,2026-06-29 00:50:52,20.9,52.114273,5.1778874,5,De Bilt,NL
Utrecht,Utrecht_T1,02:00:00:37:16:9a,2026-06-29 00:59:24,22.6,52.1209042,5.0716415,1,Utrecht,NL
Utrecht,Utrecht_T1,02:00:00:b5:07:da,2026-06-29 00:55:06,19.9,52.1185,5.0885,0,Utrecht,NL
Utrecht,Utrecht_T1,02:00:00:9d:2a:ee,2026-06-29 00:58:54,21.3,52.1226012257881,5.09323120411752,2,Utrecht,NL
Utrecht,Utrecht_T1,02:00:00:af:6f:c0,2026-06-29 00:58:14,23.6,52.1203433,5.1160012,4,Utrecht,NL
Utrecht,Utrecht_T1,02:00:00:63:2e:78,2026-06-29 00:57:30,22.3,52.124311,5.149015,3,Groenekan,NL
Utrecht,Utrecht_T1,02:00:00:2e:bd:ce,2026-06-29 00:53:37,21.1,52.122233,5.200776,10,Bilthoven,NL
Utrecht,Utrecht_T1,02:00:00:a4:87:ec,2026-06-29 00:55:35,19.9,52.1316666043838,5.09194861301635,0,Utrecht,NL
Utrecht,Utrecht_T1,02:00:00:7f:b2:0e,2026-06-29 00:49:25,20.5,52.127119,5.100939,4,Utrecht,NL
Utrecht,Utrecht_T1,02:00:00:b5:6e:3a,2026-06-29 00:53:33,20.7,52.124991,5.158267,4,De Bilt,NL
Utrecht,Utrecht_T1,02:00:00:a2:45:c2,2026-06-29 00:56:05,19.5,52.130604,5.188466,5,Bilthoven,NL
Utrecht,Utrecht_T1,02:00:00:b5:a7:2c,2026-06-29 00:54:17,20.5,52.12492,5.1931024,5,Bilthoven,NL
Utrecht,Utrecht_T1,02:00:00:33:2d:6a,2026-06-29 00:52:15,20.3,52.1263389,5.1944393,6,De Bilt,NL
Utrecht,Utrecht_T1,02:00:00:36:a3:68,2026-06-29 00:54:38,21.2,52.12822,5.20124999999999,8,Bilthoven,NL
Utrecht,Utrecht_T1,02:00:00:2c:9c:48,2026-06-29 00:57:40,21.0,52.140412,5.009436,0,Stichtse Vecht,NL
Utrecht,Utrecht_T1,02:00:00:01:50:b6,2026-06-29 00:52:13,20.7,52.1411799412661,5.01502234507166,0,Maarssen,NL
Utrecht,Utrecht_T1,02:00:00:9c:f9:4a,2026-06-29 00:53:46,20.8,52.1400375366211,5.04170799255371,2,Maarssen,NL
Utrecht,Utrecht_T1,02:00:00:04:6a:e8,2026-06-29 00:52:35,20.6,52.140233,5.042324,2,Stichtse Vecht,NL
Utrecht,Utrecht_T1,02:00:00:00:f7:a2,2026-06-29 00:50:09,22.2,52.1404276175265,5.04727728441715,2,Stichtse Vecht,NL
Utrecht,Utrecht_T1,02:00:00:2c:b8:78,2026-06-29 00:54:17,19.4,52.1517178597221,4.94924400000001,0,Kockengen,NL
Utrecht,Utrecht_T1,02:00:00:9d:25:4e,2026-06-29 00:50:51,20.0,52.15058,4.95477000000003,0,Kockengen,NL
Utrecht,Utrecht_T1,02:00:00:05:38:88,2026-06-29 00:52:11,20.4,52.1500807019266,5.03824532032017,0,Maarssen,NL
Utrecht,Utrecht_T1,02:00:00:a4:59:54,2026-06-29 00:50:49,20.1,52.1487083,5.03985960000006,0,Maarssen,NL
Utrecht,Utrecht_T1,02:00:00:27:6f:7e,2026-06-29 00:58:59,20.8,52.150683,5.039803,0,Stichtse Vecht,NL
Utrecht,Utrecht_T1,02:00:00:9b:60:ca,2026-06-29 00:57:05,19.4,52.1661071777344,4.99944877624512,0,Stichtse Vecht,NL
Utrecht,Utrecht_T1,02:00:00:31:b2:30,2026-06-29 00:51:39,19.8,52.179563,5.020723,0,Breukelen,NL
Utrecht,Utrecht_T1,02:00:00:27:a6:98,2026-06-29 00:57:26,21.3,52.177905,5.023052,0,Breukelen,NL
Utrecht,Utrecht_T1,02:00:00:3f:28:4e,2026-06-29 00:50:37,21.4,52.1885295082791,4.98983681201935,0,Nieuwer Ter Aa,NL
Utrecht,Utrecht_T1,02:00:00:37:28:66,2026-06-29 00:55:56,20.3,52.208307,4.923314,0,Vinkeveen,NL
Utrecht,Utrecht_T1,02:00:00:1f:7e:84,2026-06-29 00:52:14,21.1,52.208085,5.015193,0,Loenen aan de Vecht,NL
Utrecht,Utrecht_T1,02:00:00:5e:f1:70,2026-06-29 00:55:36,19.8,52.209506,5.015637,0,Loenen aan de Vecht,NL
Utrecht,Utrecht_T1,02:00:00:bc:d2:3a,2026-06-29 00:58:06,20.0,52.2071006719862,5.01808721691921,0,Loenen aan de Vecht,NL
Utrecht,Utrecht_T1,02:00:00:70:39:30,2026-06-29 00:50:23,18.6,52.2132735899086,4.92226205035142,0,Vinkeveen,NL
Utrecht,Utrecht_T1,02:00:00:14:48:30,2026-06-29 00:51:36,22.0,52.214024,5.026552,0,Loenen aan de Vecht,NL
Utrecht,Utrecht_T1,02:00:00:c2:4e:14,2026-06-29 00:55:51,20.3,52.080025,5.00642199999999,0,Utrecht,NL
Utrecht,Utrecht_T1,02:00:00:27:5f:76,2026-06-29 00:56:08,20.3,52.077418,5.020574,0,Utrecht,NL
Utrecht,Utrecht_T1,02:00:00:29:3e:f6,2026-06-29 00:51:51,20.8,52.078198,5.020616,0,Utrecht,NL
Utrecht,Utrecht_T1,02:00:00:b5:b7:16,2026-06-29 00:51:57,19.1,52.0759,5.026621,0,Utrecht,NL
Utrecht,Utrecht_T1,02:00:00:a4:3e:00,2026-06-29 00:58:10,19.9,52.0758920140845,5.0307848067002,0,Utrecht,NL
Utrecht,Utrecht_T1,02:00:00:2b:5f:7e,2026-06-29 00:50:39,19.5,52.079872,5.030363,1,Utrecht,NL
Utrecht,Utrecht_T1,02:00:00:c3:8d:fe,2026-06-29 00:56:56,21.7,52.0775,5.0599,0,Utrecht,NL
Utrecht,Utrecht_T1,02:00:00:32:e1:b0,2026-06-29 00:55:07,21.0,52.085795,5.014428,0,Utrecht,NL
Utrecht,Utrecht_T1,02:00:00:63:4a:60,2026-06-29 00:55:26,20.5,52.08632,5.026208,1,Utrecht,NL
Utrecht,Utrecht_T1,02:00:00:a4:6c:14,2026-06-29 00:52:36,20.4,52.082503,5.035357,2,Utrecht,NL
Utrecht,Utrecht_T1,02:00:00:84:0d:58,2026-06-29 00:51:17,20.9,52.083796,5.042289,0,Utrecht,NL
Utrecht,Utrecht_T1,02:00:00:02:4a:1c,2026-06-29 00:11:59,20.4,52.0867461589579,5.03997000000013,1,Utrecht,NL
Utrecht,Utrecht_T1,02:00:00:2e:9f:46,2026-06-29 00:50:14,20.7,52.0872737363844,5.0397069563345,1,Utrecht,NL
Utrecht,Utrecht_T1,02:00:00:84:4c:be,2026-06-29 00:50:46,20.8,52.085796,5.05175,2,Utrecht,NL
Utrecht,Utrecht_T1,02:00:00:63:1e:24,2026-06-29 00:52:37,20.8,52.0841807,5.0583297,1,Utrecht,NL
Utrecht,Utrecht_T1,02:00:00:a2:64:3a,2026-06-29 00:53:43,21.1,52.08912,4.955397,1,Woerden,NL
Utrecht,Utrecht_T1,02:00:00:04:6b:b2,2026-06-29 00:51:50,22.9,52.0890216,4.95978960000002,2,Woerden,NL
Utrecht,Utrecht_T1,02:00:00:27:67:9e,2026-06-29 00:52:54,21.5,52.0939775908876,4.95844790679508,1,Woerden,NL
Utrecht,Utrecht_T1,02:00:00:7f:a0:a8,2026-06-29 00:58:44,21.6,52.0889488341052,4.96163483170568,0,Woerden,NL
Utrecht,Utrecht_T1,02:00:00:1c:5a:c4,2026-06-29 00:56:40,20.0,52.091265,4.999434,0,Utrecht,NL
Utrecht,Utrecht_T1,02:00:00:b2:b3:4e,2026-06-29 00:56:59,21.2,52.094791,5.001589,0,Utrecht,NL
Utrecht,Utrecht_T1,02:00:00:83:ba:de,2026-06-29 00:58:13,21.7,52.092913,5.013408,0,Utrecht,NL
Utrecht,Utrecht_T1,02:00:00:01:14:58,2026-06-29 00:51:24,20.1,52.089916,5.01991400000001,0,Utrecht,NL
Utrecht,Utrecht_T1,02:00:00:90:90:7e,2026-06-29 00:57:43,21.0,52.09193,5.016591,0,Utrecht,NL
Utrecht,Utrecht_T1,02:00:00:34:05:ae,2026-06-29 00:50:26,21.1,52.091745,5.01907,1,Utrecht,NL
Utrecht,Utrecht_T1,02:00:00:c2:47:80,2026-06-29 00:52:22,21.0,52.0893016,5.03434910000001,0,Utrecht,NL
Utrecht,Utrecht_T1,02:00:00:64:2b:54,2026-06-29 00:52:23,20.5,52.0939815413722,5.04236700868549,0,Utrecht,NL
Utrecht,Utrecht_T1,02:00:00:2b:42:7a,2026-06-29 00:51:14,20.1,52.0941,5.0504,2,Utrecht,NL
Utrecht,Utrecht_T1,02:00:00:84:a8:4e,2026-06-29 00:56:05,20.4,52.093351,5.054574,0,Utrecht,NL
Utrecht,Utrecht_T1,02:00:00:7a:c6:dc,2026-06-29 00:57:52,20.7,52.096533,5.002674,0,Utrecht,NL
Utrecht,Utrecht_T1,02:00:00:70:38:92,2026-06-29 00:53:01,18.9,52.099754,4.997049,0,Utrecht,NL
Utrecht,Utrecht_T1,02:00:00:5e:e2:2e,2026-06-29 00:56:31,20.5,52.0987673336394,5.01320895590376,0,Utrecht,NL
Utrecht,Utrecht_T1,02:00:00:bd:d9:bc,2026-06-29 00:53:14,21.2,52.1012649536133,5.01841592788696,1,Utrecht,NL
Utrecht,Utrecht_T1,02:00:00:31:e8:2e,2026-06-29 00:55:03,20.1,52.0997439,5.03196639999999,1,Utrecht,NL
Utrecht,Utrecht_T1,02:00:00:a9:50:38,2026-06-29 00:52:38,20.4,52.098376,5.039789,0,Utrecht,NL
Utrecht,Utrecht_T1,02:00:00:01:86:10,2026-06-29 00:50:49,21.3,52.09855,5.039822,0,Utrecht,NL
Utrecht,Utrecht_T1,02:00:00:14:47:d6,2026-06-29 00:49:43,20.6,52.1009393843745,5.04107837233266,0,Utrecht,NL
Utrecht,Utrecht_T1,02:00:00:73:be:5a,2026-06-29 00:57:14,20.3,52.097817,5.051997,3,Utrecht,NL
Utrecht,Utrecht_T1,02:00:00:01:a1:ee,2026-06-29 00:55:36,20.5,52.0960000139971,5.0595535031938,0,Utrecht,NL
Utrecht,Utrecht_T1,02:00:00:3e:ec:2c,2026-06-29 00:58:46,20.2,52.0968945722032,5.05947500118808,0,Utrecht,NL
Utrecht,Utrecht_T1,02:00:00:a9:68:2c,2026-06-29 00:58:47,19.4,52.1086201,4.93817080000002,0,Woerden,NL
Utrecht,Utrecht_T1,02:00:00:2c:f6:ae,2026-06-29 00:55:15,19.1,52.106163,4.981696,0,Utrecht,NL
Utrecht,Utrecht_T1,02:00:00:53:19:bc,2026-06-29 00:59:14,21.4,52.109263,5.018467,1,Utrecht,NL
Utrecht,Utrecht_T1,02:00:00:84:78:2c,2026-06-29 00:51:01,20.9,52.1067630675542,5.02126398724257,1,Utrecht,NL
Utrecht,Utrecht_T1,02:00:00:31:cb:18,2026-06-29 00:58:56,21.3,52.1073892613559,5.02463787381133,0,Utrecht,NL
Utrecht,Utrecht_T1,02:00:00:84:24:48,2026-06-29 00:54:29,20.8,52.1050731,5.0346819,1,Utrecht,NL
Utrecht,Utrecht_T1,02:00:00:32:ed:e0,2026-06-29 00:53:07,20.6,52.1070404052734,5.03613185882568,0,Utrecht,NL
Utrecht,Utrecht_T1,02:00:00:39:fb:5e,2026-06-29 00:50:36,20.9,52.1148094074168,5.00760211705581,0,Utrecht,NL
Utrecht,Utrecht_T1,02:00:00:84:79:a0,2026-06-29 00:55:33,20.2,52.114201,5.01126,0,Utrecht,NL
Utrecht,Utrecht_T1,02:00:00:3f:0a:32,2026-06-29 00:58:53,20.3,52.110354,5.02495200000003,3,Utrecht,NL
Utrecht,Utrecht_T1,02:00:00:a9:4b:60,2026-06-29 00:54:38,19.1,52.119961,4.99775200000006,3,Utrecht,NL
Utrecht,Utrecht_T1,02:00:00:5f:44:54,2026-06-29 00:54:22,21.7,52.12292,5.031376,0,Maarssen,NL
Utrecht,Utrecht_T1,02:00:00:70:2f:1c,2026-06-29 00:49:37,20.8,52.122375,5.033245,0,Stichtse Vecht,NL
Utrecht,Utrecht_T1,02:00:00:02:9b:72,2026-06-29 00:55:00,20.5,52.124334,5.033408,0,Maarssen,NL
Utrecht,Utrecht_T1,02:00:00:3d:25:42,2026-06-29 00:53:11,20.1,52.135743,5.016961,0,Maarssen,NL
Utrecht,Utrecht_T1,02:00:00:29:08:b2,2026-06-29 00:54:17,20.4,52.138664,5.0182734,0,Maarssen,NL
Utrecht,Utrecht_T1,02:00:00:05:4f:28,2026-06-29 00:50:11,20.3,52.133111,5.035686,0,Stichtse Vecht,NL
Utrecht,Utrecht_T1,02:00:00:a9:65:bc,2026-06-29 00:51:16,21.0,52.1340026855469,5.04215478897095,1,Maarssen,NL
Utrecht,Utrecht_T1,02:00:00:af:40:24,2026-06-29 00:57:27,21.6,52.1336212158203,5.04450082778931,2,Maarssen,NL
Utrecht,Utrecht_T1,02:00:00:2c:75:f4,2026-06-29 00:51:13,20.1,52.1375923156738,5.05607128143311,1,Stichtse Vecht,NL
Utrecht,Utrecht_T2,02:00:00:c2:35:ac,2026-06-29 00:55:30,19.3,52.1459370151422,5.21551547366956,7,Bilthoven,NL
Utrecht,Utrecht_T2,02:00:00:7f:c4:6a,2026-06-29 00:52:56,20.3,52.1425225952839,5.23391006287104,10,Zeist,NL
Utrecht,Utrecht_T2,02:00:00:74:64:38,2026-06-29 00:52:46,20.8,52.1411243623068,5.23903367633706,11,Zeist,NL
Utrecht,Utrecht_T2,02:00:00:5f:15:c0,2026-06-29 00:55:14,18.4,52.16024,5.215069,6,Bilthoven,NL
Utrecht,Utrecht_T2,02:00:00:a2:74:3e,2026-06-29 00:50:45,19.1,52.1600980139711,5.28715847486947,6,Soest,NL
Utrecht,Utrecht_T2,02:00:00:a2:74:d8,2026-06-29 00:51:47,20.8,52.159536,5.30479100000001,8,Soest,NL
Utrecht,Utrecht_T2,02:00:00:a4:1a:b8,2026-06-29 00:58:56,20.3,52.15949,5.305391,9,Soest,NL
Utrecht,Utrecht_T2,02:00:00:00:4a:16,2026-06-29 00:55:25,19.4,52.158649,5.33553899999997,6,Soest,NL
Utrecht,Utrecht_T2,02:00:00:31:ea:a8,2026-06-29 01:00:03,19.7,52.166694,5.293944,4,Soest,NL
Utrecht,Utrecht_T2,02:00:00:2f:27:36,2026-06-29 00:56:48,18.8,52.1619163569313,5.29985212608884,7,Soest,NL
Utrecht,Utrecht_T2,02:00:00:b9:6e:74,2026-06-29 00:53:57,19.6,52.162275,5.303515,5,Soest,NL
Utrecht,Utrecht_T2,02:00:00:02:d0:f6,2026-06-29 00:56:21,21.1,52.161993,5.306616,5,Soest,NL
Utrecht,Utrecht_T2,02:00:00:70:4e:b4,2026-06-29 00:55:00,20.7,52.1610313078006,5.31033632946336,7,Soest,NL
Utrecht,Utrecht_T2,02:00:00:27:55:54,2026-06-29 00:54:27,20.3,52.161317,5.311697,10,Soest,NL
Utrecht,Utrecht_T2,02:00:00:3f:6d:36,2026-06-29 00:57:43,21.2,52.1615414,5.3120704,10,Soest,NL
Utrecht,Utrecht_T2,02:00:00:9d:12:d6,2026-06-29 00:58:44,20.4,52.173973,5.267367,3,Soest,NL
Utrecht,Utrecht_T2,02:00:00:3c:17:5e,2026-06-29 00:57:06,20.4,52.174072,5.286707,4,Soest,NL
Utrecht,Utrecht_T2,02:00:00:ab:f5:36,2026-06-29 00:50:14,19.2,52.167732,5.294024,6,Soest,NL
Utrecht,Utrecht_T2,02:00:00:b0:a0:da,2026-06-29 00:56:12,20.4,52.167778,5.311431,6,Soest,NL
Utrecht,Utrecht_T2,02:00:00:1e:02:2c,2026-06-29 00:59:14,21.0,52.1752333,5.2742121,3,Soest,NL
Utrecht,Utrecht_T2,02:00:00:a9:e6:ca,2026-06-29 00:53:09,20.0,52.1806831359863,5.27848291397095,7,Soest,NL
Utrecht,Utrecht_T2,02:00:00:c2:40:46,2026-06-29 00:59:37,23.5,52.1801791426243,5.30147091530403,12,Soest,NL
Utrecht,Utrecht_T2,02:00:00:c3:a7:7e,2026-06-29 00:54:22,20.6,52.1838930347472,5.27600772213758,5,Soest,NL
Utrecht,Utrecht_T2,02:00:00:02:f3:92,2026-06-29 00:52:51,22.0,52.185829,5.289498,11,Soest,NL
Utrecht,Utrecht_T2,02:00:00:b4:e8:ee,2026-06-29 00:57:01,22.4,52.185532,5.296697,9,Soest,NL
Utrecht,Utrecht_T2,02:00:00:b2:be:4a,2026-06-29 00:57:29,20.7,52.182134,5.302085,8,Soest,NL
Utrecht,Utrecht_T2,02:00:00:7a:b5:60,2026-06-29 00:51:10,20.1,52.189513,5.28451299999998,7,Soest,NL
Utrecht,Utrecht_T2,02:00:00:6b:5e:00,2026-06-29 00:56:28,20.3,52.18958,5.285416,3,Soest,NL
Utrecht,Utrecht_T2,02:00:00:a4:42:62,2026-06-29 00:58:27,20.9,52.189439359515,5.28560091059452,4,Soest,NL
Utrecht,Utrecht_T2,02:00:00:74:36:ec,2026-06-29 00:55:16,21.5,52.1987916,5.29681810000006,0,Baarn,NL
Utrecht,Utrecht_T2,02:00:00:12:ff:54,2026-06-29 00:52:25,20.2,52.2017714,5.3002924,2,Baarn,NL
Utrecht,Utrecht_T2,02:00:00:19:19:4c,2026-06-29 00:54:52,20.1,52.20251,5.304628,2,Baarn,NL
Utrecht,Utrecht_T2,02:00:00:b5:a7:2e,2026-06-29 00:52:23,20.0,52.204551,5.29403400000005,4,Baarn,NL
Utrecht,Utrecht_T2,02:00:00:05:5e:4c,2026-06-29 00:53:16,21.3,52.208508,5.285955,8,Baarn,NL
Utrecht,Utrecht_T2,02:00:00:5e:da:38,2026-06-29 00:56:19,20.8,52.20741,5.289788,8,Baarn,NL
Utrecht,Utrecht_T2,02:00:00:5e:ff:d6,2026-06-29 00:50:58,20.8,52.2067815282989,5.29985652570758,2,Baarn,NL
Utrecht,Utrecht_T2,02:00:00:6b:55:1c,2026-06-29 00:53:03,20.8,52.205104,5.303637,1,Baarn,NL
Utrecht,Utrecht_T2,02:00:00:03:a5:92,2026-06-29 00:54:06,20.1,52.205826,5.303774,1,Baarn,NL
Utrecht,Utrecht_T2,02:00:00:9b:5d:8c,2026-06-29 00:56:50,20.0,52.2144057,5.2672261,15,Baarn,NL
Utrecht,Utrecht_T2,02:00:00:53:56:18,2026-06-29 00:56:19,20.3,52.216041,5.267333,13,Baarn,NL
Utrecht,Utrecht_T2,02:00:00:73:a9:6a,2026-06-29 00:54:46,19.9,52.211376,5.2808995,14,Baarn,NL
Utrecht,Utrecht_T2,02:00:00:b5:a6:f4,2026-06-29 00:51:14,19.9,52.2157187,5.28150870000002,6,Baarn,NL
Utrecht,Utrecht_T2,02:00:00:1e:21:48,2026-06-29 00:50:46,20.0,52.215519,5.288773,6,Baarn,NL
Utrecht,Utrecht_T2,02:00:00:b2:ca:86,2026-06-29 00:51:46,20.5,52.211498260498,5.29220008850098,8,Baarn,NL
Utrecht,Utrecht_T2,02:00:00:1c:58:2c,2026-06-29 00:56:20,20.6,52.21319,5.299463,5,Baarn,NL
Utrecht,Utrecht_T2,02:00:00:64:24:30,2026-06-29 00:50:57,20.3,52.2223117937543,5.20657381176758,7,Hilversum,NL
Utrecht,Utrecht_T2,02:00:00:a9:54:cc,2026-06-29 00:52:18,22.2,52.220841,5.27057,3,Baarn,NL
Utrecht,Utrecht_T2,02:00:00:5e:d4:3c,2026-06-29 00:56:07,20.4,52.2219,5.2869,0,Kortenhoef,NL
Utrecht,Utrecht_T2,02:00:00:3f:5b:90,2026-06-29 00:52:26,21.1,52.2184876,5.2895261,3,Baarn,NL
Utrecht,Utrecht_T2,02:00:00:7f:da:5c,2026-06-29 00:58:12,21.0,52.0531304369579,5.22815108299255,4,Odijk,NL
Utrecht,Utrecht_T2,02:00:00:6b:5c:40,2026-06-29 00:52:16,20.5,52.054557,5.231227,4,Odijk,NL
Utrecht,Utrecht_T2,02:00:00:6b:66:fe,2026-06-29 00:57:28,20.5,52.054769,5.232745,4,Bunnik,NL
Utrecht,Utrecht_T2,02:00:00:83:93:78,2026-06-29 00:52:36,21.1,52.055734,5.266538,4,Driebergen-Rijsenburg,NL
Utrecht,Utrecht_T2,02:00:00:6b:48:fa,2026-06-29 00:57:33,21.8,52.054625,5.268526,6,Driebergen-Rijsenburg,NL
Utrecht,Utrecht_T2,02:00:00:b2:c5:82,2026-06-29 00:53:32,20.5,52.053513,5.28343899999996,7,Driebergen-Rijsenburg,NL
Utrecht,Utrecht_T2,02:00:00:05:4c:fe,2026-06-29 00:49:27,20.3,52.05599,5.302302,8,Driebergen-Rijsenburg,NL
Utrecht,Utrecht_T2,02:00:00:9b:5f:dc,2026-06-29 00:51:54,21.2,52.055115,5.315863,13,Doorn,NL
Utrecht,Utrecht_T2,02:00:00:53:4b:f6,2026-06-29 00:57:20,19.8,52.0663334077756,5.27181981444309,7,Utrechtse Heuvelrug,NL
Utrecht,Utrecht_T2,02:00:00:5f:31:da,2026-06-29 00:54:35,21.7,52.060634,5.303621,9,Driebergen-Rijsenburg,NL
Utrecht,Utrecht_T2,02:00:00:12:fa:c2,2026-06-29 00:52:28,20.9,52.0734988364436,5.26520848274231,11,Zeist,NL
Utrecht,Utrecht_T2,02:00:00:a9:d0:4c,2026-06-29 00:55:23,21.3,52.0801963806152,5.21503639221191,3,Zeist,NL
Utrecht,Utrecht_T2,02:00:00:69:2d:ce,2026-06-29 00:54:43,20.2,52.0776864965393,5.21996678862774,2,Zeist,NL
Utrecht,Utrecht_T2,02:00:00:70:49:70,2026-06-29 00:54:28,20.4,52.078163,5.220644,3,Zeist,NL
Utrecht,Utrecht_T2,02:00:00:32:e0:e0,2026-06-29 00:59:49,20.7,52.08036,5.230089,6,Zeist,NL
Utrecht,Utrecht_T2,02:00:00:1e:2b:70,2026-06-29 00:52:03,21.3,52.077486,5.262767,7,Zeist,NL
Utrecht,Utrecht_T2,02:00:00:22:e9:30,2026-06-29 00:58:12,22.0,52.0765091878968,5.26901300000007,11,Zeist,NL
Utrecht,Utrecht_T2,02:00:00:a9:8d:d8,2026-06-29 00:54:21,21.6,52.085205078125,5.20746994018555,3,Zeist,NL
Utrecht,Utrecht_T2,02:00:00:6b:50:1c,2026-06-29 00:53:46,22.0,52.0831358136488,5.20810304846899,3,Zeist,NL
Utrecht,Utrecht_T2,02:00:00:3c:09:22,2026-06-29 00:53:07,21.1,52.08636,5.221066,4,Zeist,NL
Utrecht,Utrecht_T2,02:00:00:b5:a7:22,2026-06-29 00:53:46,20.0,52.086941,5.225881,3,Zeist,NL
Utrecht,Utrecht_T2,02:00:00:63:36:3c,2026-06-29 00:52:44,21.5,52.082337,5.230563,5,Zeist,NL
Utrecht,Utrecht_T2,02:00:00:04:96:34,2026-06-29 00:58:35,20.0,52.0873,5.2297,5,Zeist,NL
Utrecht,Utrecht_T2,02:00:00:b5:78:be,2026-06-29 00:53:19,20.7,52.0856160136376,5.24176729332961,10,Zeist,NL
Utrecht,Utrecht_T2,02:00:00:71:2a:b6,2026-06-29 00:55:16,21.0,52.0859,5.251713,8,Zeist,NL
Utrecht,Utrecht_T2,02:00:00:b9:52:00,2026-06-29 00:53:53,22.2,52.0816383361816,5.2666335105896,8,Zeist,NL
Utrecht,Utrecht_T2,02:00:00:2b:15:76,2026-06-29 00:50:44,20.6,52.081371,5.269217,9,Zeist,NL
Utrecht,Utrecht_T2,02:00:00:c3:d4:02,2026-06-29 00:51:09,21.4,52.081804,5.271518,9,Zeist,NL
Utrecht,Utrecht_T2,02:00:00:2b:1b:b8,2026-06-29 00:56:37,19.2,52.0832,5.3114,16,Zeist,NL
Utrecht,Utrecht_T2,02:00:00:b5:6c:22,2026-06-29 00:57:29,20.5,52.091126,5.216452,3,Zeist,NL
Utrecht,Utrecht_T2,02:00:00:7a:a0:86,2026-06-29 00:55:39,19.6,52.088594,5.220721,5,Zeist,NL
Utrecht,Utrecht_T2,02:00:00:2d:02:84,2026-06-29 00:58:41,21.4,52.0891283153717,5.22022247314453,4,Zeist,NL
Utrecht,Utrecht_T2,02:00:00:a9:76:24,2026-06-29 00:52:38,20.1,52.0949630737305,5.24057006835938,6,Zeist,NL
Utrecht,Utrecht_T2,02:00:00:65:5f:98,2026-06-29 00:53:45,23.2,52.092372,5.258088,13,Zeist,NL
Utrecht,Utrecht_T2,02:00:00:7a:86:6c,2026-06-29 00:50:24,20.5,52.096791,5.223656,6,Zeist,NL
Utrecht,Utrecht_T2,02:00:00:70:52:12,2026-06-29 00:53:54,21.2,52.0989064,5.2171375,7,Zeist,NL
Utrecht,Utrecht_T2,02:00:00:a9:7b:ee,2026-06-29 00:55:38,19.7,52.101676940918,5.22248458862305,7,Zeist,NL
Utrecht,Utrecht_T2,02:00:00:01:97:ee,2026-06-29 00:57:36,21.5,52.095773,5.238273,8,Zeist,NL
Utrecht,Utrecht_T2,02:00:00:04:8d:d4,2026-06-29 00:52:24,21.2,52.0991028774139,5.24481058252604,6,Zeist,NL
Utrecht,Utrecht_T2,02:00:00:04:78:82,2026-06-29 00:58:23,21.5,52.1007772460734,5.24760032682437,9,Zeist,NL
Utrecht,Utrecht_T2,02:00:00:c3:89:70,2026-06-29 00:56:05,21.5,52.09627,5.25480000000008,10,Zeist,NL
Utrecht,Utrecht_T2,02:00:00:b5:7f:6e,2026-06-29 00:59:28,19.7,52.096116,5.275819,16,Zeist,NL
Utrecht,Utrecht_T2,02:00:00:1e:22:fc,2026-06-29 00:51:08,20.6,52.1147665420416,5.23625329385042,10,Zeist,NL
Utrecht,Utrecht_T2,02:00:00:00:cf:e2,2026-06-29 00:54:24,20.2,52.1165564224102,5.27588927533017,26,Zeist,NL
Utrecht,Utrecht_T2,02:00:00:32:d5:b4,2026-06-29 00:50:54,21.1,52.120705,5.242738,11,Zeist,NL
Utrecht,Utrecht_T2,02:00:00:2e:f1:88,2026-06-29 00:57:52,20.6,52.118117,5.282257,18,Soest,NL
Utrecht,Utrecht_T2,02:00:00:bd:cd:7c,2026-06-29 00:56:22,21.7,52.118207,5.289362,19,Soest,NL
Utrecht,Utrecht_T2,02:00:00:58:d1:7c,2026-06-29 00:52:06,21.6,52.1175345595035,5.29194567397049,21,Soest,NL
Utrecht,Utrecht_T2,02:00:00:2f:2e:d6,2026-06-29 00:56:28,21.1,52.1253540626594,5.20409166812897,8,Bilthoven,NL
Utrecht,Utrecht_T2,02:00:00:2e:a4:6c,2026-06-29 00:55:57,20.3,52.1287,5.204971,7,Bilthoven,NL
Utrecht,Utrecht_T2,02:00:00:19:a7:d8,2026-06-29 00:50:29,22.5,52.1270529486221,5.20968830477742,9,De Bilt,NL
Utrecht,Utrecht_T2,02:00:00:83:f8:ea,2026-06-29 00:51:39,20.3,52.130348,5.321519,28,Soest,NL
Utrecht,Utrecht_T2,02:00:00:64:3a:06,2026-06-29 00:52:50,20.8,52.135639,5.211466,8,Bilthoven,NL
Utrecht,Utrecht_T2,02:00:00:74:61:a4,2026-06-29 00:51:23,20.3,52.136328,5.220487,9,Bilthoven,NL
Utrecht,Utrecht_T2,02:00:00:b2:c4:4c,2026-06-29 00:59:50,19.9,52.137758,5.221579,12,Bilthoven,NL
Utrecht,Utrecht_T2,02:00:00:33:d9:9a,2026-06-29 00:54:28,20.5,52.134636,5.224104,9,Bilthoven,NL
Utrecht,Utrecht_T2,02:00:00:33:0e:72,2026-06-29 00:58:52,20.3,52.137727,5.239356,11,Zeist,NL
Rotterdam,Rotterdam_T1,02:00:00:9b:4c:a4,2026-06-29 00:57:08,20.7,51.9777136658191,4.23938155174255,2,De Lier,NL
Rotterdam,Rotterdam_T1,02:00:00:9b:5b:c6,2026-06-29 00:54:09,20.1,51.977076,4.253869,0,De Lier,NL
Rotterdam,Rotterdam_T1,02:00:00:69:27:02,2026-06-29 01:00:23,20.0,51.9722182620618,4.31247174739838,0,Midden-Delfland,NL
Rotterdam,Rotterdam_T1,02:00:00:80:15:88,2026-06-29 00:51:21,20.6,51.972873,4.316429,0,Schipluiden,NL
Rotterdam,Rotterdam_T1,02:00:00:31:bb:04,2026-06-29 00:57:33,20.1,51.9756235520416,4.31817887889974,0,Midden-Delfland,NL
Rotterdam,Rotterdam_T1,02:00:00:c2:41:46,2026-06-29 00:58:05,20.9,51.975427,4.318863,0,Schipluiden,NL
Rotterdam,Rotterdam_T1,02:00:00:36:d0:7c,2026-06-29 00:51:32,21.1,51.979279,4.462594,0,Berkel en Rodenrijs,NL
Rotterdam,Rotterdam_T1,02:00:00:a9:76:1c,2026-06-29 00:51:06,19.5,51.981891,4.2977,0,De Lier,NL
Rotterdam,Rotterdam_T1,02:00:00:ab:ec:9e,2026-06-29 00:54:04,19.6,51.9851341247559,4.3366641998291,0,Delft,NL
Rotterdam,Rotterdam_T1,02:00:00:2e:f4:ba,2026-06-29 00:53:55,20.5,51.987071,4.335942,0,Delft,NL
Rotterdam,Rotterdam_T1,02:00:00:1b:0b:86,2026-06-29 00:50:53,21.4,51.986908,4.33956,1,Delft,NL
Rotterdam,Rotterdam_T1,02:00:00:ab:ef:78,2026-06-29 00:52:54,20.5,51.983687,4.36361,0,Delft,NL
Rotterdam,Rotterdam_T1,02:00:00:03:d9:e6,2026-06-29 00:50:17,20.0,51.9828491210938,4.36704349517822,1,Delft,NL
Rotterdam,Rotterdam_T1,02:00:00:33:40:cc,2026-06-29 00:50:24,20.4,51.980894,4.464546,0,Berkel en Rodenrijs,NL
Rotterdam,Rotterdam_T1,02:00:00:29:47:04,2026-06-29 00:50:17,20.1,51.981086,4.464655,0,Berkel en Rodenrijs,NL
Rotterdam,Rotterdam_T1,02:00:00:9c:f8:c8,2026-06-29 00:58:40,19.9,51.985931,4.466015,0,Berkel en Rodenrijs,NL
Rotterdam,Rotterdam_T1,02:00:00:a4:38:c4,2026-06-29 00:58:38,20.1,51.986896,4.488027,0,Bergschenhoek,NL
Rotterdam,Rotterdam_T1,02:00:00:a9:61:68,2026-06-29 00:56:41,21.3,51.9865055199817,4.49336396638479,0,Bergschenhoek,NL
Rotterdam,Rotterdam_T1,02:00:00:00:e7:18,2026-06-29 00:54:39,20.1,51.9865055199817,4.49336396638479,0,Bergschenhoek,NL
Rotterdam,Rotterdam_T1,02:00:00:27:41:d4,2026-06-29 00:54:09,20.8,52.000913,4.326118,0,Den Hoorn,NL
Rotterdam,Rotterdam_T1,02:00:00:58:d1:1c,2026-06-29 00:50:18,20.3,51.9999732971191,4.3280463218689,0,Midden-Delfland,NL
Rotterdam,Rotterdam_T1,02:00:00:12:f0:a2,2026-06-29 00:52:02,21.4,52.0028117,4.32654669999999,0,Midden-Delfland,NL
Rotterdam,Rotterdam_T1,02:00:00:9c:db:ea,2026-06-29 00:59:40,21.9,52.000331,4.336122,0,Den Hoorn,NL
Rotterdam,Rotterdam_T1,02:00:00:63:3c:0e,2026-06-29 00:56:11,22.0,52.0024395,4.33742328571429,2,Midden-Delfland,NL
Rotterdam,Rotterdam_T1,02:00:00:17:62:f0,2026-06-29 00:58:31,22.0,52.00412,4.336935,0,Den Hoorn,NL
Rotterdam,Rotterdam_T1,02:00:00:b2:c1:72,2026-06-29 00:51:23,23.6,52.0013046264648,4.36315441131592,1,Delft,NL
Rotterdam,Rotterdam_T1,02:00:00:a9:cf:96,2026-06-29 00:56:05,21.1,52.0042,4.366748,3,Delft,NL
Rotterdam,Rotterdam_T1,02:00:00:2b:0c:ca,2026-06-29 00:56:15,20.9,52.004136,4.367653,2,Delft,NL
Rotterdam,Rotterdam_T1,02:00:00:a9:61:9a,2026-06-29 00:59:25,22.5,52.0009155273438,4.38462448120117,0,Delft,NL
Rotterdam,Rotterdam_T1,02:00:00:36:b9:26,2026-06-29 00:54:15,20.1,52.002996,4.390715,0,Pijnacker-Nootdorp,NL
Rotterdam,Rotterdam_T1,02:00:00:02:d4:ca,2026-06-29 00:54:21,20.8,52.006451,4.393051,0,Delfgauw,NL
Rotterdam,Rotterdam_T1,02:00:00:a9:6d:0c,2026-06-29 00:51:22,20.7,52.00874,4.427,0,Pijnacker,NL
Rotterdam,Rotterdam_T1,02:00:00:7f:d3:b6,2026-06-29 00:59:59,19.3,52.004369,4.440516,0,Pijnacker,NL
Rotterdam,Rotterdam_T1,02:00:00:13:13:f4,2026-06-29 00:52:49,19.8,52.0072021484375,4.43953990936279,0,Pijnacker-Nootdorp,NL
Rotterdam,Rotterdam_T1,02:00:00:74:30:02,2026-06-29 00:54:33,20.6,52.008091,4.438843,0,Pijnacker,NL
Rotterdam,Rotterdam_T1,02:00:00:73:f9:b6,2026-06-29 00:59:35,22.0,51.996857,4.482029,0,Berkel en Rodenrijs,NL
Rotterdam,Rotterdam_T1,02:00:00:64:f2:d6,2026-06-29 00:54:27,21.9,51.996821,4.497728,0,Lansingerland,NL
Rotterdam,Rotterdam_T1,02:00:00:21:10:32,2026-06-29 00:52:05,20.9,52.005954,4.494528,0,Berkel en Rodenrijs,NL
Rotterdam,Rotterdam_T1,02:00:00:33:39:0e,2026-06-29 00:50:20,20.8,52.0094959,4.22577910000002,1,Honselersdijk,NL
Rotterdam,Rotterdam_T1,02:00:00:29:2a:c0,2026-06-29 00:56:34,19.9,52.02337,4.220457,2,Westland,NL
Rotterdam,Rotterdam_T1,02:00:00:af:a2:1e,2026-06-29 00:56:01,20.6,52.0114288330078,4.23682832717896,0,Honselersdijk,NL
Rotterdam,Rotterdam_T1,02:00:00:b5:87:84,2026-06-29 00:51:39,20.8,52.017124,4.2579894,0,Kwintsheul,NL
Rotterdam,Rotterdam_T1,02:00:00:28:75:9e,2026-06-29 00:52:27,20.6,52.019287,4.27351,0,Wateringen,NL
Rotterdam,Rotterdam_T1,02:00:00:70:1a:06,2026-06-29 00:59:10,20.7,52.021371,4.27976599999998,0,Wateringen,NL
Rotterdam,Rotterdam_T1,02:00:00:b5:33:16,2026-06-29 00:58:30,20.7,52.0204038,4.28805849999998,0,Wateringen,NL
Rotterdam,Rotterdam_T1,02:00:00:83:e8:12,2026-06-29 00:58:56,20.4,52.023422,4.29397600000003,0,The Hague,NL
Rotterdam,Rotterdam_T1,02:00:00:19:17:0e,2026-06-29 00:53:32,20.7,52.018548,4.295847,0,The Hague,NL
Rotterdam,Rotterdam_T1,02:00:00:71:5c:e6,2026-06-29 00:52:52,20.2,52.01805,4.302916,0,The Hague,NL
Rotterdam,Rotterdam_T1,02:00:00:22:d7:70,2026-06-29 00:59:31,20.8,52.00943,4.317615,0,Den Hoorn,NL
Rotterdam,Rotterdam_T1,02:00:00:b4:ff:28,2026-06-29 00:57:33,19.5,52.0187958,4.32309129999996,0,Rijswijk,NL
Rotterdam,Rotterdam_T1,02:00:00:70:1a:e4,2026-06-29 00:56:07,19.9,52.0205689614062,4.3267818203617,0,Rijswijk,NL
Rotterdam,Rotterdam_T1,02:00:00:73:a7:44,2026-06-29 01:00:09,22.1,52.009785,4.337896,0,Delft,NL
Rotterdam,Rotterdam_T1,02:00:00:af:74:3a,2026-06-29 00:52:47,20.2,52.0227279663086,4.33650016784668,0,Rijswijk,NL
Rotterdam,Rotterdam_T1,02:00:00:13:04:c2,2026-06-29 00:50:00,21.3,52.01145,4.342701,1,Delft,NL
Rotterdam,Rotterdam_T1,02:00:00:03:03:36,2026-06-29 00:59:40,22.0,52.013937,4.35952,2,Delft,NL
Rotterdam,Rotterdam_T1,02:00:00:63:07:0a,2026-06-29 00:59:45,19.9,52.0161250297335,4.35983148643825,2,Delft,NL
Rotterdam,Rotterdam_T1,02:00:00:83:d1:30,2026-06-29 00:57:19,21.0,52.014258,4.366368,0,Delft,NL
Rotterdam,Rotterdam_T1,02:00:00:7f:be:72,2026-06-29 00:56:55,20.8,52.010014,4.396196,0,Delfgauw,NL
Rotterdam,Rotterdam_T1,02:00:00:28:c6:a0,2026-06-29 00:58:55,21.2,52.017348,4.430074,0,Pijnacker,NL
Rotterdam,Rotterdam_T1,02:00:00:00:de:d2,2026-06-29 00:56:54,23.0,52.0194,4.433978,0,Pijnacker,NL
Rotterdam,Rotterdam_T1,02:00:00:12:50:a2,2026-06-29 00:53:51,23.6,52.017736,4.437464,0,Pijnacker,NL
Rotterdam,Rotterdam_T1,02:00:00:05:5e:6c,2026-06-29 00:50:11,20.0,52.025398,4.250405,0,Kwintsheul,NL
Rotterdam,Rotterdam_T1,02:00:00:70:54:ae,2026-06-29 00:55:14,20.7,52.0250261772123,4.27339867029308,1,Westland,NL
Rotterdam,Rotterdam_T1,02:00:00:05:48:58,2026-06-29 00:50:16,20.8,52.027597,4.271085,1,Wateringen,NL
Rotterdam,Rotterdam_T1,02:00:00:7f:ca:ac,2026-06-29 01:00:20,20.7,52.02969,4.2733474,0,Wateringen,NL
Rotterdam,Rotterdam_T1,02:00:00:19:c9:f0,2026-06-29 00:58:13,20.8,52.0282,4.2894,0,The Hague,NL
Rotterdam,Rotterdam_T1,02:00:00:8d:db:56,2026-06-29 01:00:34,20.2,52.028558,4.290961,0,The Hague,NL
Rotterdam,Rotterdam_T1,02:00:00:1c:6b:56,2026-06-29 00:56:27,20.9,52.027407,4.296706,0,The Hague,NL
Rotterdam,Rotterdam_T1,02:00:00:02:b3:4e,2026-06-29 00:53:39,21.1,52.0342742560364,4.31400057155358,5,Rijswijk,NL
Rotterdam,Rotterdam_T1,02:00:00:a9:80:40,2026-06-29 00:50:13,21.2,52.0342742560364,4.31400057155358,5,Rijswijk,NL
Rotterdam,Rotterdam_T1,02:00:00:bc:cf:a6,2026-06-29 00:57:12,20.3,52.027324,4.337618,0,Rijswijk,NL
Rotterdam,Rotterdam_T1,02:00:00:b5:12:ea,2026-06-29 00:56:18,20.7,52.026608,4.338886,0,Rijswijk,NL
Rotterdam,Rotterdam_T1,02:00:00:31:d6:92,2026-06-29 00:55:28,21.0,52.02583,4.35241999999998,1,Rijswijk,NL
Rotterdam,Rotterdam_T1,02:00:00:13:04:9e,2026-06-29 00:53:13,20.6,52.03365,4.36187000000005,0,The Hague,NL
Rotterdam,Rotterdam_T1,02:00:00:01:57:92,2026-06-29 00:50:50,21.0,52.031365,4.377341,0,The Hague,NL
Rotterdam,Rotterdam_T1,02:00:00:a9:4a:ba,2026-06-29 00:59:39,20.8,52.0350194,4.3863817,0,The Hague,NL
Rotterdam,Rotterdam_T1,02:00:00:a9:7d:2a,2026-06-29 00:50:29,21.1,52.0370407104492,4.387122631073,0,The Hague,NL
Rotterdam,Rotterdam_T1,02:00:00:a4:16:6e,2026-06-29 00:57:25,20.7,52.0251917647022,4.42625571616408,0,Pijnacker,NL
Rotterdam,Rotterdam_T1,02:00:00:03:5e:4a,2026-06-29 00:52:12,20.3,52.0296166,4.455603,0,Pijnacker-Nootdorp,NL
Rotterdam,Rotterdam_T1,02:00:00:14:3f:68,2026-06-29 00:52:56,19.7,52.0245126066557,4.47967126733552,0,Berkel en Rodenrijs,NL
Rotterdam,Rotterdam_T1,02:00:00:b0:a4:94,2026-06-29 00:56:38,22.2,52.0349044799805,4.49338150024414,0,Zoetermeer,NL
Rotterdam,Rotterdam_T1,02:00:00:05:53:60,2026-06-29 00:58:47,20.3,52.041561,4.223035,0,The Hague,NL
Rotterdam,Rotterdam_T1,02:00:00:5e:e5:66,2026-06-29 00:59:56,20.7,52.041621,4.223312,0,The Hague,NL
Rotterdam,Rotterdam_T1,02:00:00:b5:81:58,2026-06-29 00:57:10,20.2,52.04823,4.21922900000002,1,The Hague,NL
Rotterdam,Rotterdam_T1,02:00:00:63:20:26,2026-06-29 00:59:26,20.8,52.05232,4.251573,1,The Hague,NL
Rotterdam,Rotterdam_T1,02:00:00:33:c3:b6,2026-06-29 00:51:57,20.7,52.041359,4.261745,2,The Hague,NL
Rotterdam,Rotterdam_T1,02:00:00:3d:1d:84,2026-06-29 00:58:46,21.0,52.0434,4.2591,0,The Hague,NL
Rotterdam,Rotterdam_T1,02:00:00:1b:1c:14,2026-06-29 00:55:30,20.7,52.039697,4.2956717,1,Rijswijk,NL
Rotterdam,Rotterdam_T1,02:00:00:13:41:e0,2026-06-29 00:57:31,20.1,52.038766,4.301936,2,Rijswijk,NL
Rotterdam,Rotterdam_T1,02:00:00:af:80:9a,2026-06-29 00:57:33,20.2,52.0515206687929,4.30651038776614,5,The Hague,NL
Rotterdam,Rotterdam_T1,02:00:00:b5:80:d2,2026-06-29 00:58:11,21.1,52.0440782777029,4.33701086525241,6,Rijswijk,NL
Rotterdam,Rotterdam_T1,02:00:00:9c:d7:78,2026-06-29 00:56:07,20.3,52.040264,4.362028,0,The Hague,NL
Rotterdam,Rotterdam_T1,02:00:00:1c:7e:ae,2026-06-29 00:50:50,20.2,52.038915,4.366131,0,The Hague,NL
Rotterdam,Rotterdam_T1,02:00:00:33:d0:1a,2026-06-29 00:52:26,20.6,52.04705,4.3624587,0,The Hague,NL
Rotterdam,Rotterdam_T1,02:00:00:7f:a7:ea,2026-06-29 00:50:46,20.3,52.0380073,4.38669640000001,-2,Den Haag,NL
Rotterdam,Rotterdam_T1,02:00:00:7f:cc:34,2026-06-29 00:55:02,20.1,52.04027,4.386554,0,Nootdorp,NL
Rotterdam,Rotterdam_T1,02:00:00:b5:9b:88,2026-06-29 00:52:59,21.3,52.049105,4.3917539,0,Pijnacker-Nootdorp,NL
Rotterdam,Rotterdam_T1,02:00:00:04:95:2e,2026-06-29 00:51:05,22.0,52.051678,4.459339,0,Zoetermeer,NL
Rotterdam,Rotterdam_T1,02:00:00:c2:39:7e,2026-06-29 00:52:57,20.7,52.040937,4.464689,0,Zoetermeer,NL
Rotterdam,Rotterdam_T1,02:00:00:70:19:8e,2026-06-29 00:50:10,20.9,52.0391425410585,4.47068751201742,0,Pijnacker,NL
Rotterdam,Rotterdam_T1,02:00:00:64:2f:10,2026-06-29 00:53:06,21.2,52.0396681479356,4.47937465183982,0,Zoetermeer,NL
Rotterdam,Rotterdam_T1,02:00:00:84:71:4e,2026-06-29 00:54:44,20.8,52.04283,4.481998,0,Zoetermeer,NL
Rotterdam,Rotterdam_T1,02:00:00:9d:26:50,2026-06-29 00:52:46,19.8,52.0430906,4.4821536,0,Zoetermeer,NL
Rotterdam,Rotterdam_T1,02:00:00:bd:ce:ec,2026-06-29 00:54:27,19.6,52.056333,4.232107,4,The Hague,NL
Rotterdam,Rotterdam_T1,02:00:00:70:28:12,2026-06-29 00:58:07,20.4,52.05711,4.232334,7,The Hague,NL
Rotterdam,Rotterdam_T1,02:00:00:7f:a4:9a,2026-06-29 00:50:44,20.3,52.059046,4.233398,2,The Hague,NL
Rotterdam,Rotterdam_T1,02:00:00:58:eb:68,2026-06-29 00:59:48,20.5,52.056455,4.25136,1,The Hague,NL
Rotterdam,Rotterdam_T1,02:00:00:af:4e:6a,2026-06-29 00:50:25,19.9,52.0585479736328,4.26001405715942,1,The Hague,NL
Rotterdam,Rotterdam_T1,02:00:00:b2:b9:f8,2026-06-29 00:54:12,20.9,52.053307,4.264459,2,The Hague,NL
Rotterdam,Rotterdam_T1,02:00:00:1c:6a:60,2026-06-29 00:56:52,21.6,52.0528657,4.27534449999996,3,The Hague,NL
Rotterdam,Rotterdam_T1,02:00:00:3f:4b:7e,2026-06-29 01:00:29,21.4,52.05845,4.27518000000001,5,The Hague,NL
Rotterdam,Rotterdam_T1,02:00:00:b9:80:88,2026-06-29 00:50:52,20.5,52.063162,4.280479,3,The Hague,NL
Rotterdam,Rotterdam_T1,02:00:00:32:c7:32,2026-06-29 00:57:31,20.5,52.055505,4.298573,0,The Hague,NL
Rotterdam,Rotterdam_T1,02:00:00:84:5b:7a,2026-06-29 01:00:08,20.8,52.058479,4.307849,1,The Hague,NL
Rotterdam,Rotterdam_T1,02:00:00:36:e5:24,2026-06-29 00:59:03,20.4,52.0534941858492,4.31175827980042,0,The Hague,NL
Rotterdam,Rotterdam_T1,02:00:00:29:2d:00,2026-06-29 00:59:37,21.0,52.0573602189514,4.31402668796871,3,The Hague,NL
Rotterdam,Rotterdam_T1,02:00:00:c5:33:8e,2026-06-29 00:52:04,21.6,52.0541152954102,4.31790542602539,2,The Hague,NL
Rotterdam,Rotterdam_T1,02:00:00:6b:31:84,2026-06-29 00:51:48,20.7,52.0592533,4.3277548,2,The Hague,NL
Rotterdam,Rotterdam_T1,02:00:00:bd:cb:3e,2026-06-29 00:50:17,20.7,52.056893,4.338716,3,Rijswijk,NL
Rotterdam,Rotterdam_T1,02:00:00:a4:49:04,2026-06-29 00:55:56,20.6,52.0556912815337,4.34021632718826,3,Rijswijk,NL
Rotterdam,Rotterdam_T1,02:00:00:a4:4d:1c,2026-06-29 00:58:43,19.8,52.062097,4.342855,1,The Hague,NL
Rotterdam,Rotterdam_T1,02:00:00:90:7d:2a,2026-06-29 00:56:06,20.6,52.058655,4.3924623,0,The Hague,NL
Rotterdam,Rotterdam_T1,02:00:00:9d:20:ca,2026-06-29 00:56:33,19.6,52.0615272521973,4.39315223693848,0,The Hague,NL
Rotterdam,Rotterdam_T1,02:00:00:52:db:7e,2026-06-29 00:58:53,20.1,52.065982,4.394288,0,The Hague,NL
Rotterdam,Rotterdam_T1,02:00:00:12:a3:f4,2026-06-29 00:56:04,20.1,52.059226,4.411559,0,The Hague,NL
Rotterdam,Rotterdam_T1,02:00:00:bd:f9:68,2026-06-29 00:59:04,20.5,52.0638475603448,4.41756284853375,0,The Hague,NL
Rotterdam,Rotterdam_T1,02:00:00:5e:fb:6e,2026-06-29 00:56:48,19.7,52.054639612905,4.4578184056046,0,Zoetermeer,NL
Rotterdam,Rotterdam_T1,02:00:00:b5:b8:f8,2026-06-29 00:52:58,20.3,52.058436,4.45896010000001,0,Zoetermeer,NL
Rotterdam,Rotterdam_T1,02:00:00:2c:ac:72,2026-06-29 00:51:42,19.9,52.059934,4.459418,0,Zoetermeer,NL
Rotterdam,Rotterdam_T1,02:00:00:53:56:96,2026-06-29 00:58:47,20.9,52.0613346,4.4883785,2,Zoetermeer,NL
Rotterdam,Rotterdam_T1,02:00:00:13:3c:52,2026-06-29 00:54:48,21.6,52.0642433166504,4.48782014846802,0,Zoetermeer,NL
Rotterdam,Rotterdam_T1,02:00:00:12:42:0e,2026-06-29 00:54:20,22.6,52.053269,4.493566,0,Zoetermeer,NL
Rotterdam,Rotterdam_T1,02:00:00:bd:ed:76,2026-06-29 00:57:10,20.2,52.069173,4.220754,12,The Hague,NL
Rotterdam,Rotterdam_T1,02:00:00:17:f3:26,2026-06-29 00:55:36,20.8,52.068485,4.221606,13,The Hague,NL
Rotterdam,Rotterdam_T1,02:00:00:bd:20:46,2026-06-29 00:53:06,20.7,52.0684852600098,4.22791767120361,4,The Hague,NL
Rotterdam,Rotterdam_T1,02:00:00:1c:7f:64,2026-06-29 00:53:50,20.4,52.0743044529233,4.2459826422213,4,The Hague,NL
Rotterdam,Rotterdam_T1,02:00:00:af:67:ca,2026-06-29 00:57:10,20.7,52.0680697978153,4.25281722806606,3,The Hague,NL
Rotterdam,Rotterdam_T1,02:00:00:33:dc:9c,2026-06-29 00:50:17,20.6,52.0689815,4.25234909999999,0,The Hague,NL
Rotterdam,Rotterdam_T1,02:00:00:b5:07:b6,2026-06-29 00:51:21,20.8,52.073517,4.267079,4,The Hague,NL
Rotterdam,Rotterdam_T1,02:00:00:a4:2b:da,2026-06-29 00:52:44,20.3,52.0729,4.2713,4,The Hague,NL
Rotterdam,Rotterdam_T1,02:00:00:2a:f7:60,2026-06-29 00:51:45,20.5,52.074364,4.272827,5,The Hague,NL
Rotterdam,Rotterdam_T1,02:00:00:8d:d5:d2,2026-06-29 00:52:05,21.0,52.071887,4.300635,4,The Hague,NL
Rotterdam,Rotterdam_T1,02:00:00:02:7a:f6,2026-06-29 00:58:34,21.0,52.0689179,4.3058197,2,The Hague,NL
Rotterdam,Rotterdam_T1,02:00:00:c3:9b:c4,2026-06-29 00:59:43,20.6,52.0758,4.2925,3,The Hague,NL
Rotterdam,Rotterdam_T1,02:00:00:3f:48:00,2026-06-29 00:53:41,21.1,52.0710033960706,4.32261879386951,4,The Hague,NL
Rotterdam,Rotterdam_T1,02:00:00:c3:b3:c2,2026-06-29 00:57:30,21.2,52.075512,4.31475,4,The Hague,NL
Rotterdam,Rotterdam_T1,02:00:00:74:43:c6,2026-06-29 00:50:47,20.8,52.0778844,4.3164665,1,The Hague,NL
Rotterdam,Rotterdam_T1,02:00:00:9b:63:86,2026-06-29 00:51:09,21.0,52.0671907704763,4.34948086738587,2,The Hague,NL
Rotterdam,Rotterdam_T1,02:00:00:52:fe:c0,2026-06-29 00:52:56,21.4,52.081123,4.337853,4,The Hague,NL
Rotterdam,Rotterdam_T1,02:00:00:73:bf:68,2026-06-29 00:58:34,21.7,52.07701,4.3427534,1,Voorburg,NL
Rotterdam,Rotterdam_T1,02:00:00:5e:d3:e0,2026-06-29 00:52:19,22.0,52.0747919334922,4.3629991169802,3,Voorburg,NL
Rotterdam,Rotterdam_T1,02:00:00:83:fd:6c,2026-06-29 00:55:39,20.8,52.075134,4.376925,1,Voorburg,NL
Rotterdam,Rotterdam_T1,02:00:00:33:cc:30,2026-06-29 00:51:06,21.5,52.08009,4.361759,3,Voorburg,NL
Rotterdam,Rotterdam_T1,02:00:00:5f:58:86,2026-06-29 00:51:14,20.2,52.078355,4.3865255,0,Leidschendam-Voorburg,NL
Rotterdam,Rotterdam_T1,02:00:00:39:f8:c2,2026-06-29 00:52:22,20.8,52.078976,4.387728,0,Voorburg,NL
Rotterdam,Rotterdam_T1,02:00:00:bd:ca:72,2026-06-29 00:52:32,20.6,52.080704,4.394138,1,Leidschendam,NL
Rotterdam,Rotterdam_T1,02:00:00:8d:c5:a2,2026-06-29 00:56:01,20.6,52.071539,4.408314,0,The Hague,NL
Rotterdam,Rotterdam_T1,02:00:00:a4:45:56,2026-06-29 00:55:19,20.3,52.0678863525391,4.47134017944336,0,Zoetermeer,NL
Rotterdam,Rotterdam_T1,02:00:00:29:2e:44,2026-06-29 00:51:20,21.1,52.067863,4.473864,0,Zoetermeer,NL
Rotterdam,Rotterdam_T1,02:00:00:b5:a3:4e,2026-06-29 00:51:12,20.0,52.068919,4.475778,0,Zoetermeer,NL
Rotterdam,Rotterdam_T1,02:00:00:b9:11:7c,2026-06-29 00:55:38,20.0,52.0680732727051,4.47749948501587,0,Zoetermeer,NL
Rotterdam,Rotterdam_T1,02:00:00:28:a6:32,2026-06-29 00:54:23,20.3,52.0709019617043,4.49143366943841,0,Zoetermeer,NL
Rotterdam,Rotterdam_T1,02:00:00:a2:61:66,2026-06-29 00:56:50,21.4,52.074524,4.491278,0,Zoetermeer,NL
Rotterdam,Rotterdam_T1,02:00:00:33:e4:42,2026-06-29 00:56:07,20.2,52.093006,4.260304,9,The Hague,NL
Rotterdam,Rotterdam_T1,02:00:00:3c:f5:1e,2026-06-29 00:57:20,20.4,52.084589,4.265981,5,The Hague,NL
Rotterdam,Rotterdam_T1,02:00:00:b5:95:58,2026-06-29 00:58:11,20.5,52.082624,4.273059,6,The Hague,NL
Rotterdam,Rotterdam_T1,02:00:00:b2:bf:d0,2026-06-29 00:52:35,20.3,52.0948011,4.26743520000004,9,The Hague,NL
Rotterdam,Rotterdam_T1,02:00:00:12:79:22,2026-06-29 00:50:54,20.7,52.081968,4.293328,5,The Hague,NL
Rotterdam,Rotterdam_T1,02:00:00:6b:3a:8a,2026-06-29 00:53:57,20.6,52.084518,4.294358,5,The Hague,NL
Rotterdam,Rotterdam_T1,02:00:00:9b:4d:4e,2026-06-29 01:00:02,20.4,52.089996,4.300096,9,The Hague,NL
Rotterdam,Rotterdam_T1,02:00:00:b5:a4:2c,2026-06-29 00:55:15,21.2,52.085269,4.312957,5,The Hague,NL
Rotterdam,Rotterdam_T1,02:00:00:52:eb:b0,2026-06-29 00:54:01,20.9,52.0901055827947,4.31524413263139,4,The Hague,NL
Rotterdam,Rotterdam_T1,02:00:00:a4:4a:66,2026-06-29 00:50:49,20.5,52.082586,4.325077,11,The Hague,NL
Rotterdam,Rotterdam_T1,02:00:00:33:06:e6,2026-06-29 00:54:01,20.7,52.0825767,4.33901500000003,5,The Hague,NL
Rotterdam,Rotterdam_T1,02:00:00:7f:9f:fc,2026-06-29 00:51:38,20.7,52.081516,4.341548,2,The Hague,NL
Rotterdam,Rotterdam_T1,02:00:00:70:53:1a,2026-06-29 00:56:37,21.0,52.0839525958057,4.34141420312182,2,The Hague,NL
Rotterdam,Rotterdam_T1,02:00:00:9d:0b:76,2026-06-29 00:59:18,21.1,52.08924,4.360338,1,The Hague,NL
Rotterdam,Rotterdam_T1,02:00:00:c2:32:c6,2026-06-29 01:00:10,21.4,52.092798,4.360844,4,The Hague,NL
Rotterdam,Rotterdam_T1,02:00:00:58:73:b6,2026-06-29 00:51:34,20.9,52.0829561696853,4.36915000000003,1,Leidschendam-Voorburg,NL
Rotterdam,Rotterdam_T1,02:00:00:2b:23:24,2026-06-29 00:54:46,20.7,52.0822677612305,4.38621425628662,3,Leidschendam-Voorburg,NL
Rotterdam,Rotterdam_T1,02:00:00:b5:4f:c8,2026-06-29 00:49:46,20.5,52.083479,4.387075,2,Leidschendam,NL
Rotterdam,Rotterdam_T1,02:00:00:7f:b9:18,2026-06-29 01:00:37,20.9,52.08124,4.39291000000004,3,Leidschendam,NL
Rotterdam,Rotterdam_T1,02:00:00:02:a4:56,2026-06-29 00:57:00,21.4,52.09136,4.406312,2,Leidschendam,NL
Rotterdam,Rotterdam_T1,02:00:00:6b:50:c6,2026-06-29 00:59:06,20.5,52.0912310197558,4.40687429507307,3,Leidschendam,NL
Rotterdam,Rotterdam_T1,02:00:00:1c:74:a4,2026-06-29 00:57:57,19.1,52.093694,4.469815,0,Leidschendam,NL
Rotterdam,Rotterdam_T1,02:00:00:2b:14:b6,2026-06-29 00:51:41,20.0,52.093886,4.470451,0,Leidschendam-Voorburg,NL
Rotterdam,Rotterdam_T1,02:00:00:28:a0:ca,2026-06-29 00:54:51,20.1,52.0942794,4.47121889999994,0,Leidschendam-Voorburg,NL
Rotterdam,Rotterdam_T1,02:00:00:83:f9:24,2026-06-29 00:59:25,20.1,52.095879,4.25973080000002,4,The Hague,NL
Rotterdam,Rotterdam_T1,02:00:00:c2:46:e6,2026-06-29 00:52:18,20.8,52.1023684600997,4.26914454981171,9,The Hague,NL
Rotterdam,Rotterdam_T1,02:00:00:a2:47:68,2026-06-29 00:59:41,20.5,52.101233,4.270174,9,The Hague,NL
Rotterdam,Rotterdam_T1,02:00:00:03:b5:0e,2026-06-29 00:58:24,21.2,52.104506,4.268526,11,The Hague,NL
Rotterdam,Rotterdam_T1,02:00:00:bd:dc:50,2026-06-29 00:58:23,21.1,52.100603,4.300766,7,The Hague,NL
Rotterdam,Rotterdam_T1,02:00:00:2b:5c:e4,2026-06-29 00:51:55,21.4,52.1022,4.30135000000003,9,The Hague,NL
Rotterdam,Rotterdam_T1,02:00:00:13:4f:12,2026-06-29 00:58:56,20.6,52.0992527419219,4.31103944778442,4,The Hague,NL
Rotterdam,Rotterdam_T1,02:00:00:02:d6:b2,2026-06-29 00:49:42,19.7,52.10552,4.32258000000006,6,The Hague,NL
Rotterdam,Rotterdam_T1,02:00:00:64:35:f0,2026-06-29 00:53:16,22.2,52.0971897757407,4.33524702658857,1,The Hague,NL
Rotterdam,Rotterdam_T1,02:00:00:70:46:bc,2026-06-29 00:53:02,20.0,52.108804,4.339823,5,Wassenaar,NL
Rotterdam,Rotterdam_T1,02:00:00:53:49:e8,2026-06-29 00:51:15,21.1,52.1093510610785,4.37356660986006,0,Wassenaar,NL
Rotterdam,Rotterdam_T1,02:00:00:22:e3:b6,2026-06-29 00:56:43,20.5,52.100779,4.39522,0,Leidschendam,NL
Rotterdam,Rotterdam_T1,02:00:00:84:17:0a,2026-06-29 00:51:16,20.7,52.10114,4.395529,0,Leidschendam,NL
Rotterdam,Rotterdam_T1,02:00:00:b2:b5:0e,2026-06-29 00:51:19,20.7,52.095997,4.414338,0,Leidschendam,NL
Rotterdam,Rotterdam_T1,02:00:00:7f:9c:26,2026-06-29 00:57:47,20.5,52.102006,4.407729,1,Leidschendam,NL
Rotterdam,Rotterdam_T1,02:00:00:ab:ee:62,2026-06-29 00:57:19,20.5,52.1106910705566,4.28558301925659,9,The Hague,NL
Rotterdam,Rotterdam_T1,02:00:00:5f:43:7e,2026-06-29 00:55:18,20.9,52.1113357801228,4.28575292326501,10,The Hague,NL
Rotterdam,Rotterdam_T1,02:00:00:33:fd:7c,2026-06-29 00:57:15,22.1,52.111575,4.372787,3,Wassenaar,NL
Rotterdam,Rotterdam_T1,02:00:00:73:be:68,2026-06-29 00:57:03,20.7,52.117177,4.443719,0,Voorschoten,NL
Rotterdam,Rotterdam_T1,02:00:00:c5:37:c4,2026-06-29 00:54:54,20.9,52.114344,4.444795,0,Voorschoten,NL
Rotterdam,Rotterdam_T1,02:00:00:bd:fb:dc,2026-06-29 00:55:14,20.2,52.1154891731743,4.44753679288679,0,Voorschoten,NL
Rotterdam,Rotterdam_T1,02:00:00:3b:ff:70,2026-06-29 00:52:06,21.0,52.1277061891672,4.36202768103674,6,Wassenaar,NL
Rotterdam,Rotterdam_T1,02:00:00:a4:47:d4,2026-06-29 00:51:49,20.6,52.12634,4.384166,2,Wassenaar,NL
Rotterdam,Rotterdam_T1,02:00:00:70:45:0e,2026-06-29 00:55:55,21.2,52.126899,4.437364,0,Voorschoten,NL
Rotterdam,Rotterdam_T1,02:00:00:7a:ea:44,2026-06-29 00:59:21,21.7,52.127811,4.438192,1,Voorschoten,NL
Rotterdam,Rotterdam_T1,02:00:00:19:3e:fc,2026-06-29 00:50:48,22.1,52.125274,4.442024,2,Voorschoten,NL
Rotterdam,Rotterdam_T1,02:00:00:bd:d9:62,2026-06-29 00:50:52,20.2,52.130948,4.456233,0,Voorschoten,NL
Rotterdam,Rotterdam_T1,02:00:00:04:77:ec,2026-06-29 00:53:25,20.2,52.137813,4.466427,0,Voorschoten,NL
Rotterdam,Rotterdam_T1,02:00:00:13:48:f2,2026-06-29 00:56:49,21.0,52.1383267055258,4.46930246147369,4,Leiden,NL
Rotterdam,Rotterdam_T1,02:00:00:7f:98:b0,2026-06-29 01:00:15,20.4,51.793851,4.277562,0,Goudswaard,NL
Rotterdam,Rotterdam_T1,02:00:00:84:01:f4,2026-06-29 01:00:11,20.5,51.795956,4.316063,0,Piershil,NL
Rotterdam,Rotterdam_T1,02:00:00:a4:53:38,2026-06-29 00:53:07,19.9,51.8061561584473,4.34367895126343,0,Nieuw-Beijerland,NL
Rotterdam,Rotterdam_T1,02:00:00:2e:c2:56,2026-06-29 00:57:22,19.4,51.803969,4.38881000000001,0,Hoeksche Waard,NL
Rotterdam,Rotterdam_T1,02:00:00:70:24:c0,2026-06-29 00:55:17,20.1,51.79538,4.47853999999995,0,Hoeksche Waard,NL
Rotterdam,Rotterdam_T1,02:00:00:8d:cf:32,2026-06-29 00:56:47,19.8,51.7989258,4.48003469999999,1,Mijnsheerenland,NL
Rotterdam,Rotterdam_T1,02:00:00:73:f0:94,2026-06-29 00:59:43,22.1,51.817669,4.261111,0,Zuidland,NL
Rotterdam,Rotterdam_T1,02:00:00:28:b6:76,2026-06-29 00:56:37,20.8,51.810882,4.339941,0,Nieuw-Beijerland,NL
Rotterdam,Rotterdam_T1,02:00:00:17:f3:8c,2026-06-29 00:52:14,22.0,51.813893,4.338688,0,Hoeksche Waard,NL
Rotterdam,Rotterdam_T1,02:00:00:12:63:46,2026-06-29 00:54:20,19.6,51.816084,4.404314,0,Oud-Beijerland,NL
Rotterdam,Rotterdam_T1,02:00:00:7f:ca:72,2026-06-29 00:58:51,19.9,51.819852,4.403548,1,Oud-Beijerland,NL
Rotterdam,Rotterdam_T1,02:00:00:1d:ee:0c,2026-06-29 00:58:23,20.4,51.814618,4.431096,0,Hoeksche Waard,NL
Rotterdam,Rotterdam_T1,02:00:00:a9:d0:4e,2026-06-29 00:54:54,20.0,51.816875,4.432654,0,Oud-Beijerland,NL
Rotterdam,Rotterdam_T1,02:00:00:b0:a7:c6,2026-06-29 00:54:04,21.3,51.8194923400879,4.42992401123047,0,Oud-Beijerland,NL
Rotterdam,Rotterdam_T1,02:00:00:52:d6:1c,2026-06-29 00:52:17,20.6,51.8273166908673,4.24860230421604,0,Nissewaard,NL
Rotterdam,Rotterdam_T1,02:00:00:7b:02:ea,2026-06-29 00:54:50,21.2,51.8268,4.24961,0,Zuidland,NL
Rotterdam,Rotterdam_T1,02:00:00:63:0e:9a,2026-06-29 00:58:31,20.3,51.8228896113569,4.25690523338619,0,Nissewaard,NL
Rotterdam,Rotterdam_T1,02:00:00:12:ed:2e,2026-06-29 00:59:04,20.0,51.832122,4.281581,0,Simonshaven,NL
Rotterdam,Rotterdam_T1,02:00:00:bc:cb:30,2026-06-29 00:53:00,19.5,51.833767,4.297901,0,Simonshaven,NL
Rotterdam,Rotterdam_T1,02:00:00:2e:be:70,2026-06-29 00:50:28,21.2,51.828405,4.320218,0,Nissewaard,NL
Rotterdam,Rotterdam_T1,02:00:00:83:80:70,2026-06-29 00:55:45,21.6,51.828982,4.321931,0,Spijkenisse,NL
Rotterdam,Rotterdam_T1,02:00:00:b2:c5:16,2026-06-29 00:59:42,21.0,51.833293,4.327577,0,Spijkenisse,NL
Rotterdam,Rotterdam_T1,02:00:00:1c:5d:d8,2026-06-29 00:59:42,20.4,51.831596,4.34732,0,Spijkenisse,NL
Rotterdam,Rotterdam_T1,02:00:00:74:30:f8,2026-06-29 00:49:37,20.4,51.83397,4.33733000000001,0,Spijkenisse,NL
Rotterdam,Rotterdam_T1,02:00:00:33:d1:48,2026-06-29 00:54:18,20.8,51.835362,4.340818,0,Spijkenisse,NL
Rotterdam,Rotterdam_T1,02:00:00:a2:45:50,2026-06-29 00:56:05,20.4,51.833564,4.369612,0,Spijkenisse,NL
Rotterdam,Rotterdam_T1,02:00:00:8d:ce:38,2026-06-29 00:57:13,21.3,51.833848,4.370394,0,Spijkenisse,NL
Rotterdam,Rotterdam_T1,02:00:00:19:32:0a,2026-06-29 00:59:02,20.8,51.82264,4.40914,1,Oud-Beijerland,NL
Rotterdam,Rotterdam_T1,02:00:00:74:51:54,2026-06-29 00:56:49,20.7,51.822471,4.422299,0,Oud-Beijerland,NL
Rotterdam,Rotterdam_T1,02:00:00:b9:1f:9e,2026-06-29 00:53:37,20.7,51.826743,4.418683,2,Oud-Beijerland,NL
Rotterdam,Rotterdam_T1,02:00:00:a9:8c:2e,2026-06-29 00:55:22,19.2,51.826426,4.459057,0,Heinenoord,NL
Rotterdam,Rotterdam_T1,02:00:00:b0:92:a0,2026-06-29 00:54:53,21.2,51.825342,4.484375,0,Heinenoord,NL
Rotterdam,Rotterdam_T1,02:00:00:90:af:46,2026-06-29 00:53:47,21.0,51.83904,4.319577,0,Spijkenisse,NL
Rotterdam,Rotterdam_T1,02:00:00:65:34:82,2026-06-29 00:52:35,21.3,51.8423805236816,4.31939363479614,0,Spijkenisse,NL
Rotterdam,Rotterdam_T1,02:00:00:53:16:f4,2026-06-29 00:54:35,21.6,51.8404577297484,4.32209551334381,0,Spijkenisse,NL
Rotterdam,Rotterdam_T1,02:00:00:7f:c0:78,2026-06-29 00:50:42,20.5,51.84996,4.3388395,0,Spijkenisse,NL
Rotterdam,Rotterdam_T1,02:00:00:a4:28:8e,2026-06-29 00:56:53,20.6,51.8376655578613,4.34094619750977,1,Spijkenisse,NL
Rotterdam,Rotterdam_T1,02:00:00:7a:77:68,2026-06-29 00:56:34,20.3,51.846795,4.341356,1,Spijkenisse,NL
Rotterdam,Rotterdam_T1,02:00:00:2a:ee:60,2026-06-29 00:57:19,20.9,51.836635,4.368071,0,Nissewaard,NL
Rotterdam,Rotterdam_T1,02:00:00:8d:ca:84,2026-06-29 00:58:21,21.4,51.836617,4.371667,0,Spijkenisse,NL
Rotterdam,Rotterdam_T1,02:00:00:19:cc:80,2026-06-29 00:58:37,20.6,51.848418,4.374154,0,Hoogvliet,NL
Rotterdam,Rotterdam_T1,02:00:00:13:6b:d6,2026-06-29 00:57:11,20.1,51.848988,4.417614,0,Poortugaal,NL
Rotterdam,Rotterdam_T1,02:00:00:b5:0b:cc,2026-06-29 00:52:20,20.9,51.857194,4.316324,0,Spijkenisse,NL
Rotterdam,Rotterdam_T1,02:00:00:96:c1:f0,2026-06-29 00:51:45,20.9,51.8526191711426,4.34237861633301,5,Spijkenisse,NL
Rotterdam,Rotterdam_T1,02:00:00:6b:34:e8,2026-06-29 01:00:16,21.0,51.851829,4.343544,4,Spijkenisse,NL
Rotterdam,Rotterdam_T1,02:00:00:17:5c:2a,2026-06-29 00:55:30,20.9,51.852885,4.342628,5,Spijkenisse,NL
Rotterdam,Rotterdam_T1,02:00:00:5f:22:3e,2026-06-29 00:58:25,20.5,51.8544044494629,4.3646936416626,0,Rotterdam,NL
Rotterdam,Rotterdam_T1,02:00:00:83:df:7c,2026-06-29 00:52:19,20.4,51.852008,4.377223,1,Hoogvliet,NL
Rotterdam,Rotterdam_T1,02:00:00:12:d6:34,2026-06-29 00:54:54,22.2,51.8617095947266,4.36926937103271,1,Rotterdam,NL
Rotterdam,Rotterdam_T1,02:00:00:bc:d0:3e,2026-06-29 00:51:14,20.7,51.858581,4.392577,0,Poortugaal,NL
Rotterdam,Rotterdam_T1,02:00:00:b5:46:a0,2026-06-29 00:51:32,20.8,51.8617095947266,4.39914417266846,1,Poortugaal,NL
Rotterdam,Rotterdam_T1,02:00:00:01:05:d0,2026-06-29 00:58:54,21.3,51.851921,4.423444,0,Rhoon,NL
Rotterdam,Rotterdam_T1,02:00:00:84:84:1e,2026-06-29 00:55:13,21.6,51.858887,4.421957,0,Rhoon,NL
Rotterdam,Rotterdam_T1,02:00:00:a2:5c:12,2026-06-29 00:55:27,21.1,51.8594623479853,4.42698154071272,0,Rhoon,NL
Rotterdam,Rotterdam_T1,02:00:00:be:05:6e,2026-06-29 00:54:18,21.6,51.8548644,4.436762,0,Rhoon,NL
Rotterdam,Rotterdam_T1,02:00:00:02:c7:50,2026-06-29 00:50:20,22.1,51.856688,4.472128,0,Rhoon,NL
Rotterdam,Rotterdam_T1,02:00:00:63:0e:a4,2026-06-29 00:50:36,22.4,51.8575608827219,4.47265219690053,0,Albrandswaard,NL
Rotterdam,Rotterdam_T1,02:00:00:b5:a9:6a,2026-06-29 00:56:14,20.6,51.851735,4.484146,0,Albrandswaard,NL
Rotterdam,Rotterdam_T1,02:00:00:2e:ff:9e,2026-06-29 00:53:32,20.5,51.8538824575246,4.48517918586731,0,Barendrecht,NL
Rotterdam,Rotterdam_T1,02:00:00:03:74:d0,2026-06-29 00:52:17,21.3,51.8517608642578,4.49835109710693,0,Barendrecht,NL
Rotterdam,Rotterdam_T1,02:00:00:bd:e9:04,2026-06-29 00:53:53,22.1,51.866558,4.375568,0,Hoogvliet,NL
Rotterdam,Rotterdam_T1,02:00:00:01:01:b4,2026-06-29 00:51:40,21.6,51.8652629979766,4.39664993821385,0,Albrandswaard,NL
Rotterdam,Rotterdam_T1,02:00:00:a2:60:fc,2026-06-29 00:57:44,21.1,51.874794,4.466563,0,Rotterdam,NL
Rotterdam,Rotterdam_T1,02:00:00:3f:61:10,2026-06-29 00:56:58,21.3,51.8779278321971,4.49603729871197,6,Rotterdam,NL
Rotterdam,Rotterdam_T1,02:00:00:73:c0:3a,2026-06-29 00:58:38,21.1,51.887171,4.383392,0,Pernis,NL
Rotterdam,Rotterdam_T1,02:00:00:32:e7:f8,2026-06-29 00:58:19,20.9,51.892172,4.386614,3,Pernis,NL
Rotterdam,Rotterdam_T1,02:00:00:1f:7e:90,2026-06-29 00:50:16,21.1,51.8847667,4.4695263,0,Rotterdam,NL
Rotterdam,Rotterdam_T1,02:00:00:12:73:96,2026-06-29 00:58:08,21.5,51.890287,4.477402,2,Rotterdam,NL
Rotterdam,Rotterdam_T1,02:00:00:7a:bd:4e,2026-06-29 00:52:43,21.1,51.8883,4.4825,2,Rotterdam,NL
Rotterdam,Rotterdam_T1,02:00:00:c3:9b:aa,2026-06-29 00:58:26,21.4,51.888355255127,4.49187803268433,6,Rotterdam,NL
Rotterdam,Rotterdam_T1,02:00:00:c2:33:4e,2026-06-29 00:51:38,19.4,51.907263,4.232915,1,Rozenburg,NL
Rotterdam,Rotterdam_T1,02:00:00:02:d9:74,2026-06-29 00:50:05,20.6,51.9018321151561,4.23758983612055,2,Rozenburg,NL
Rotterdam,Rotterdam_T1,02:00:00:27:7d:68,2026-06-29 00:51:34,21.4,51.902208,4.248835,4,Rozenburg,NL
Rotterdam,Rotterdam_T1,02:00:00:37:27:ba,2026-06-29 00:54:13,22.9,51.906622,4.321608,0,Vlaardingen,NL
Rotterdam,Rotterdam_T1,02:00:00:63:17:f6,2026-06-29 00:52:19,21.9,51.902018,4.342717,3,Vlaardingen,NL
Rotterdam,Rotterdam_T1,02:00:00:74:32:c6,2026-06-29 00:51:09,20.7,51.904912,4.345329,3,Vlaardingen,NL
Rotterdam,Rotterdam_T1,02:00:00:a9:ce:0a,2026-06-29 00:58:57,21.7,51.907543182373,4.35149145126343,2,Vlaardingen,NL
Rotterdam,Rotterdam_T1,02:00:00:c2:45:d6,2026-06-29 00:58:51,21.3,51.905582,4.405567,0,Schiedam,NL
Rotterdam,Rotterdam_T1,02:00:00:53:3b:14,2026-06-29 00:55:49,21.5,51.902036,4.457739,3,Rotterdam,NL
Rotterdam,Rotterdam_T1,02:00:00:2f:1e:fc,2026-06-29 01:00:03,21.4,51.904843,4.463923,2,Rotterdam,NL
Rotterdam,Rotterdam_T1,02:00:00:2b:09:b6,2026-06-29 00:51:00,21.3,51.8965726546856,4.49371075471399,8,Rotterdam,NL
Rotterdam,Rotterdam_T1,02:00:00:1f:64:a2,2026-06-29 00:56:23,21.4,51.905960267511,4.48927780293161,3,Rotterdam,NL
Rotterdam,Rotterdam_T1,02:00:00:63:45:86,2026-06-29 00:58:48,21.3,51.909344,4.23864,1,Rozenburg,NL
Rotterdam,Rotterdam_T1,02:00:00:3c:fa:c8,2026-06-29 00:53:57,20.8,51.911378,4.236979,2,Rotterdam,NL
Rotterdam,Rotterdam_T1,02:00:00:01:7c:12,2026-06-29 00:58:00,20.3,51.920774,4.237957,2,Maassluis,NL
Rotterdam,Rotterdam_T1,02:00:00:83:ef:60,2026-06-29 00:50:35,20.5,51.909076,4.242459,3,Rozenburg,NL
Rotterdam,Rotterdam_T1,02:00:00:a9:4f:c2,2026-06-29 00:54:45,20.2,51.916124,4.24886000000006,3,Maassluis,NL
Rotterdam,Rotterdam_T1,02:00:00:a2:70:a6,2026-06-29 00:59:21,21.9,51.913362,4.256699,5,Maassluis,NL
Rotterdam,Rotterdam_T1,02:00:00:36:c5:e6,2026-06-29 01:00:23,20.3,51.921041291126,4.27385036012916,0,Maassluis,NL
Rotterdam,Rotterdam_T1,02:00:00:b9:43:b0,2026-06-29 00:59:34,20.3,51.908927,4.313466,0,Vlaardingen,NL
Rotterdam,Rotterdam_T1,02:00:00:bc:f6:62,2026-06-29 00:50:42,20.4,51.913163646918,4.31969458235608,0,Vlaardingen,NL
Rotterdam,Rotterdam_T1,02:00:00:12:a4:34,2026-06-29 00:57:26,21.2,51.909151,4.332132,2,Vlaardingen,NL
Rotterdam,Rotterdam_T1,02:00:00:2b:20:2a,2026-06-29 00:54:42,21.2,51.9141002514251,4.33724462985993,1,Vlaardingen,NL
Rotterdam,Rotterdam_T1,02:00:00:02:a2:a6,2026-06-29 00:57:44,21.7,51.9088,4.3444,3,Vlaardingen,NL
Rotterdam,Rotterdam_T1,02:00:00:bd:0a:46,2026-06-29 00:51:52,21.0,51.909511,4.348642,4,Vlaardingen,NL
Rotterdam,Rotterdam_T1,02:00:00:58:c6:ce,2026-06-29 00:54:59,21.9,51.9178282,4.3598377,1,Vlaardingen,NL
Rotterdam,Rotterdam_T1,02:00:00:7f:be:10,2026-06-29 00:52:49,21.2,51.91672,4.3632045,2,Vlaardingen,NL
Rotterdam,Rotterdam_T1,02:00:00:53:40:9c,2026-06-29 00:52:29,21.3,51.9151587373229,4.39174242923392,0,Schiedam,NL
Rotterdam,Rotterdam_T1,02:00:00:53:5b:da,2026-06-29 00:53:40,21.7,51.908555,4.401612,2,Schiedam,NL
Rotterdam,Rotterdam_T1,02:00:00:7f:b3:02,2026-06-29 00:54:49,20.6,51.91247,4.4030027,4,Schiedam,NL
Rotterdam,Rotterdam_T1,02:00:00:b9:1f:4a,2026-06-29 00:59:28,21.7,51.9213366779173,4.40755754480418,11,Schiedam,NL
Rotterdam,Rotterdam_T1,02:00:00:34:0c:22,2026-06-29 00:56:32,21.6,51.921128016101,4.40852165222168,2,Schiedam,NL
Rotterdam,Rotterdam_T1,02:00:00:2a:f8:5e,2026-06-29 00:58:49,20.9,51.915024,4.4355793,9,Rotterdam,NL
Rotterdam,Rotterdam_T1,02:00:00:b5:80:32,2026-06-29 00:51:22,21.6,51.918558,4.449248,4,Rotterdam,NL
Rotterdam,Rotterdam_T1,02:00:00:ab:ed:0a,2026-06-29 00:56:32,21.7,51.91357,4.450989,4,Rotterdam,NL
Rotterdam,Rotterdam_T1,02:00:00:a9:70:9e,2026-06-29 00:51:17,22.8,51.918565,4.454217,1,Rotterdam,NL
Rotterdam,Rotterdam_T1,02:00:00:84:0b:f4,2026-06-29 00:56:09,21.9,51.910764,4.459764,4,Rotterdam,NL
Rotterdam,Rotterdam_T1,02:00:00:33:2f:18,2026-06-29 00:53:55,23.3,51.911367,4.460016,4,Rotterdam,NL
Rotterdam,Rotterdam_T1,02:00:00:7f:8b:fa,2026-06-29 00:57:20,22.5,51.9101171296848,4.48145787979085,11,Rotterdam,NL
Rotterdam,Rotterdam_T1,02:00:00:9b:51:8a,2026-06-29 00:53:11,22.9,51.9145812294122,4.47774262764995,4,Rotterdam,NL
Rotterdam,Rotterdam_T1,02:00:00:17:b3:54,2026-06-29 00:59:32,22.3,51.916415,4.480851,7,Rotterdam,NL
Rotterdam,Rotterdam_T1,02:00:00:8d:d1:ba,2026-06-29 00:56:21,19.4,51.9320212,4.2264977,3,Maassluis,NL
Rotterdam,Rotterdam_T1,02:00:00:52:d3:56,2026-06-29 00:58:29,21.0,51.929916,4.232157,4,Maassluis,NL
Rotterdam,Rotterdam_T1,02:00:00:b9:51:52,2026-06-29 00:58:20,19.6,51.929904,4.233498,5,Maassluis,NL
Rotterdam,Rotterdam_T1,02:00:00:b5:3d:e2,2026-06-29 00:54:18,21.2,51.9271297,4.2515983,1,Maassluis,NL
Rotterdam,Rotterdam_T1,02:00:00:5f:15:be,2026-06-29 00:55:19,20.6,51.930819,4.249967,4,Maassluis,NL
Rotterdam,Rotterdam_T1,02:00:00:65:4b:40,2026-06-29 00:58:56,23.7,51.927105,4.254623,0,Maassluis,NL
Rotterdam,Rotterdam_T1,02:00:00:7f:94:b0,2026-06-29 00:50:25,20.8,51.931354,4.269027,0,Maasland,NL
Rotterdam,Rotterdam_T1,02:00:00:29:09:70,2026-06-29 00:54:16,20.2,51.932986,4.267365,1,Maasland,NL
Rotterdam,Rotterdam_T1,02:00:00:b5:74:1c,2026-06-29 00:57:27,20.1,51.93374,4.26775999999999,0,Maasland,NL
Rotterdam,Rotterdam_T1,02:00:00:74:5b:ca,2026-06-29 00:52:17,21.4,51.926291,4.345459,3,Vlaardingen,NL
Rotterdam,Rotterdam_T1,02:00:00:b5:a0:52,2026-06-29 00:56:36,21.0,51.927282,4.347004,0,Vlaardingen,NL
Rotterdam,Rotterdam_T1,02:00:00:bd:e2:4c,2026-06-29 00:53:15,20.1,51.935245,4.342573,0,Vlaardingen,NL
Rotterdam,Rotterdam_T1,02:00:00:64:20:80,2026-06-29 00:53:24,20.6,51.9364242553711,4.36015510559082,0,Vlaardingen,NL
Rotterdam,Rotterdam_T1,02:00:00:bc:d1:1c,2026-06-29 00:53:39,20.6,51.9350965,4.36687449999998,2,Schiedam,NL
Rotterdam,Rotterdam_T1,02:00:00:96:ea:9e,2026-06-29 00:54:31,21.7,51.925392,4.39834,2,Schiedam,NL
Rotterdam,Rotterdam_T1,02:00:00:ab:cb:62,2026-06-29 00:51:34,20.9,51.930617,4.445321,0,Rotterdam,NL
Rotterdam,Rotterdam_T1,02:00:00:74:09:f2,2026-06-29 00:57:32,21.0,51.92814,4.456759,1,Rotterdam,NL
Rotterdam,Rotterdam_T1,02:00:00:28:6f:3e,2026-06-29 00:53:51,21.3,51.9340316,4.4594037,5,Rotterdam,NL
Rotterdam,Rotterdam_T1,02:00:00:02:c6:84,2026-06-29 00:53:39,22.4,51.926464,4.470126,3,Rotterdam,NL
Rotterdam,Rotterdam_T1,02:00:00:a9:49:dc,2026-06-29 00:59:32,21.9,51.9230452,4.48168170000002,3,Rotterdam,NL
Rotterdam,Rotterdam_T1,02:00:00:90:b7:5e,2026-06-29 00:59:47,22.3,51.92631,4.480658,2,Rotterdam,NL
Rotterdam,Rotterdam_T1,02:00:00:a9:b5:2e,2026-06-29 01:00:15,22.3,51.92486,4.48449200000008,2,Rotterdam,NL
Rotterdam,Rotterdam_T1,02:00:00:b9:1f:48,2026-06-29 00:59:53,19.7,51.939256,4.230721,1,Maassluis,NL
Rotterdam,Rotterdam_T1,02:00:00:84:0e:9e,2026-06-29 00:55:19,20.7,51.939707,4.230973,0,Maassluis,NL
Rotterdam,Rotterdam_T1,02:00:00:12:fb:ba,2026-06-29 00:55:46,21.1,51.941607,4.230965,2,Maassluis,NL
Rotterdam,Rotterdam_T1,02:00:00:b5:53:1c,2026-06-29 00:52:08,19.5,51.949414,4.270392,0,Maasland,NL
Rotterdam,Rotterdam_T1,02:00:00:c5:33:20,2026-06-29 00:56:28,20.3,51.940538,4.34364800000001,0,Vlaardingen,NL
Rotterdam,Rotterdam_T1,02:00:00:70:4d:76,2026-06-29 00:55:13,20.3,51.940698,4.344899,0,Vlaardingen,NL
Rotterdam,Rotterdam_T1,02:00:00:28:74:22,2026-06-29 00:50:31,22.2,51.939015,4.368109,0,Schiedam,NL
Rotterdam,Rotterdam_T1,02:00:00:b2:c3:a2,2026-06-29 00:54:47,20.7,51.9398735,4.37264590000001,0,Schiedam,NL
Rotterdam,Rotterdam_T1,02:00:00:3a:10:aa,2026-06-29 00:59:52,20.6,51.943986,4.367671,0,Schiedam,NL
Rotterdam,Rotterdam_T1,02:00:00:04:6f:aa,2026-06-29 00:55:35,22.9,51.9441,4.3839,0,Schiedam,NL
Rotterdam,Rotterdam_T1,02:00:00:9c:d6:c8,2026-06-29 00:54:48,21.3,51.9391683837513,4.42066682686317,4,Rotterdam,NL
Rotterdam,Rotterdam_T1,02:00:00:96:bd:fa,2026-06-29 00:57:04,22.1,51.943919,4.426938,1,Rotterdam,NL
Rotterdam,Rotterdam_T1,02:00:00:2b:02:62,2026-06-29 01:00:11,21.0,51.939917,4.448351,0,Rotterdam,NL
Rotterdam,Rotterdam_T1,02:00:00:70:34:90,2026-06-29 00:58:16,21.0,51.9450199999999,4.44205000000004,0,Rotterdam,NL
Rotterdam,Rotterdam_T1,02:00:00:a9:4d:e8,2026-06-29 00:52:23,20.6,51.945405,4.444053,0,Rotterdam,NL
Rotterdam,Rotterdam_T1,02:00:00:bd:e0:c8,2026-06-29 00:58:54,20.9,51.946104,4.46737,0,Rotterdam,NL
Rotterdam,Rotterdam_T1,02:00:00:af:8b:58,2026-06-29 00:51:17,21.6,51.9460220336914,4.47492647171021,0,Rotterdam,NL
Rotterdam,Rotterdam_T1,02:00:00:bd:de:c6,2026-06-29 00:51:45,21.3,51.937429,4.495607,0,Rotterdam,NL
Rotterdam,Rotterdam_T1,02:00:00:17:e0:1e,2026-06-29 00:54:24,19.6,51.955246,4.314398,0,Maasland,NL
Rotterdam,Rotterdam_T1,02:00:00:a4:41:88,2026-06-29 00:56:06,19.5,51.955283,4.314406,0,Maasland,NL
Rotterdam,Rotterdam_T1,02:00:00:3f:16:82,2026-06-29 00:50:42,19.7,51.962066,4.395128,1,Rotterdam,NL
Rotterdam,Rotterdam_T1,02:00:00:65:28:6e,2026-06-29 00:55:17,20.8,51.95247,4.46971,0,Rotterdam,NL
Rotterdam,Rotterdam_T1,02:00:00:64:27:f8,2026-06-29 00:56:50,20.8,51.9584323783367,4.46818939744298,0,Rotterdam,NL
Rotterdam,Rotterdam_T1,02:00:00:7a:6d:be,2026-06-29 00:55:36,22.0,51.96209,4.471111,0,Rotterdam,NL
Rotterdam,Rotterdam_T1,02:00:00:3f:0a:1a,2026-06-29 00:53:45,21.3,51.962139,4.484953,0,Rotterdam,NL
Rotterdam,Rotterdam_T1,02:00:00:65:85:b0,2026-06-29 00:51:30,21.1,51.958444,4.499749,-2,Hillegersberg,NL
Rotterdam,Rotterdam_T4,02:00:00:c2:34:94,2026-06-29 01:00:18,20.8,51.799317,4.558534,0,Puttershoek,NL
Rotterdam,Rotterdam_T4,02:00:00:bc:ca:a8,2026-06-29 00:51:42,21.3,51.8065071105957,4.559166431427,0,Puttershoek,NL
Rotterdam,Rotterdam_T4,02:00:00:63:1e:5a,2026-06-29 00:54:35,20.0,51.7973496,4.56636979999996,0,Hoeksche Waard,NL
Rotterdam,Rotterdam_T4,02:00:00:04:5a:0a,2026-06-29 00:52:27,21.7,51.8028144836426,4.57104921340942,0,Hoeksche Waard,NL
Rotterdam,Rotterdam_T4,02:00:00:70:37:fe,2026-06-29 00:52:30,21.3,51.801144,4.652298,1,Dordrecht,NL
Rotterdam,Rotterdam_T4,02:00:00:c3:74:de,2026-06-29 00:51:28,20.6,51.79714,4.65988000000005,1,Dordrecht,NL
Rotterdam,Rotterdam_T4,02:00:00:01:82:34,2026-06-29 00:56:48,21.4,51.801489,4.666023,0,Dordrecht,NL
Rotterdam,Rotterdam_T4,02:00:00:65:55:2c,2026-06-29 00:56:42,21.5,51.804122,4.669069,0,Dordrecht,NL
Rotterdam,Rotterdam_T4,02:00:00:70:48:8e,2026-06-29 01:00:03,22.4,51.795653,4.671325,2,Dordrecht,NL
Rotterdam,Rotterdam_T4,02:00:00:a2:59:34,2026-06-29 01:00:22,21.9,51.794101,4.694167,0,Dordrecht,NL
Rotterdam,Rotterdam_T4,02:00:00:02:e6:40,2026-06-29 00:58:15,23.5,51.794481,4.702242,0,Dordrecht,NL
Rotterdam,Rotterdam_T4,02:00:00:05:ff:a0,2026-06-29 00:58:22,22.1,51.7949564,4.70649070000002,0,Dordrecht,NL
Rotterdam,Rotterdam_T4,02:00:00:73:c3:6a,2026-06-29 00:59:01,21.3,51.800587,4.721628,0,Dordrecht,NL
Rotterdam,Rotterdam_T4,02:00:00:ab:e3:7e,2026-06-29 00:55:47,21.7,51.7951201232099,4.73186731338501,1,Dordrecht,NL
Rotterdam,Rotterdam_T4,02:00:00:04:67:7a,2026-06-29 00:45:51,23.3,51.806172,4.725089,1,Dordrecht,NL
Rotterdam,Rotterdam_T4,02:00:00:65:02:1c,2026-06-29 00:59:41,22.8,51.815606,4.596438,0,Zwijndrecht,NL
Rotterdam,Rotterdam_T4,02:00:00:6b:33:f6,2026-06-29 00:59:01,24.4,51.81689,4.6076784,2,Zwijndrecht,NL
Rotterdam,Rotterdam_T4,02:00:00:03:5d:90,2026-06-29 00:51:19,23.5,51.8145148947276,4.61673617362976,0,Zwijndrecht,NL
Rotterdam,Rotterdam_T4,02:00:00:7a:fc:f0,2026-06-29 00:57:58,20.1,51.809076,4.627757,0,Zwijndrecht,NL
Rotterdam,Rotterdam_T4,02:00:00:a4:87:ca,2026-06-29 00:56:43,20.3,51.8068809509277,4.63342380523682,1,Zwijndrecht,NL
Rotterdam,Rotterdam_T4,02:00:00:06:79:9e,2026-06-29 00:56:53,21.1,51.8092263212837,4.63623495422598,0,Zwijndrecht,NL
Rotterdam,Rotterdam_T4,02:00:00:31:e5:26,2026-06-29 00:53:33,22.1,51.8192398,4.6432847,1,Zwijndrecht,NL
Rotterdam,Rotterdam_T4,02:00:00:2d:0a:22,2026-06-29 01:00:39,21.4,51.820895,4.643838,0,Zwijndrecht,NL
Rotterdam,Rotterdam_T4,02:00:00:bd:de:46,2026-06-29 00:50:48,21.8,51.81418,4.65913999999997,2,Dordrecht,NL
Rotterdam,Rotterdam_T4,02:00:00:90:71:d0,2026-06-29 00:58:24,21.7,51.8089773,4.6692312,1,Dordrecht,NL
Rotterdam,Rotterdam_T4,02:00:00:2b:45:d6,2026-06-29 00:59:55,22.2,51.8089773,4.6692312,1,Dordrecht,NL
Rotterdam,Rotterdam_T4,02:00:00:53:19:f2,2026-06-29 00:58:46,22.1,51.81028,4.67508,2,Dordrecht,NL
Rotterdam,Rotterdam_T4,02:00:00:02:f9:c0,2026-06-29 00:54:29,21.5,51.8075686,4.68831999999998,2,Dordrecht,NL
Rotterdam,Rotterdam_T4,02:00:00:33:e7:ec,2026-06-29 00:53:02,22.5,51.8094,4.6923,0,Dordrecht,NL
Rotterdam,Rotterdam_T4,02:00:00:b5:47:56,2026-06-29 00:54:52,22.9,51.818188,4.696665,0,Dordrecht,NL
Rotterdam,Rotterdam_T4,02:00:00:74:52:96,2026-06-29 00:59:24,21.6,51.808978,4.712347,1,Dordrecht,NL
Rotterdam,Rotterdam_T4,02:00:00:73:e7:5e,2026-06-29 00:53:58,21.3,51.812169,4.721084,3,Dordrecht,NL
Rotterdam,Rotterdam_T4,02:00:00:5f:2b:2a,2026-06-29 00:56:50,22.5,51.820938,4.776139,0,Sliedrecht,NL
Rotterdam,Rotterdam_T4,02:00:00:03:08:c4,2026-06-29 00:58:59,22.3,51.8260290881141,4.63469352136255,0,Zwijndrecht,NL
Rotterdam,Rotterdam_T4,02:00:00:b5:04:f6,2026-06-29 00:59:09,21.1,51.83483,4.63553300000004,0,Hendrik-Ido-Ambacht,NL
Rotterdam,Rotterdam_T4,02:00:00:2c:8b:68,2026-06-29 00:59:50,20.7,51.8317451477051,4.63917684555054,0,Hendrik-Ido-Ambacht,NL
Rotterdam,Rotterdam_T4,02:00:00:96:ed:3c,2026-06-29 00:53:07,21.2,51.82454,4.641504,1,Zwijndrecht,NL
Rotterdam,Rotterdam_T4,02:00:00:ab:be:ca,2026-06-29 00:57:09,21.0,51.831313,4.650972,0,Hendrik-Ido-Ambacht,NL
Rotterdam,Rotterdam_T4,02:00:00:90:5e:02,2026-06-29 00:50:31,21.2,51.8328687987182,4.65461719960314,0,Hendrik-Ido-Ambacht,NL
Rotterdam,Rotterdam_T4,02:00:00:3f:04:fa,2026-06-29 00:57:39,21.9,51.830445,4.684899,0,Papendrecht,NL
Rotterdam,Rotterdam_T4,02:00:00:2e:f5:66,2026-06-29 00:55:06,22.3,51.8246479517936,4.69556886943296,3,Papendrecht,NL
Rotterdam,Rotterdam_T4,02:00:00:02:f8:d2,2026-06-29 00:54:56,21.7,51.830784,4.693737,0,Papendrecht,NL
Rotterdam,Rotterdam_T4,02:00:00:05:3a:d4,2026-06-29 00:59:51,21.4,51.835116,4.699154,0,Papendrecht,NL
Rotterdam,Rotterdam_T4,02:00:00:01:6c:ba,2026-06-29 00:58:55,21.7,51.832822,4.716019,0,Papendrecht,NL
Rotterdam,Rotterdam_T4,02:00:00:70:34:ce,2026-06-29 00:53:22,22.6,51.831527,4.727391,0,Papendrecht,NL
Rotterdam,Rotterdam_T4,02:00:00:a4:2f:a0,2026-06-29 01:00:41,21.5,51.834282,4.725904,0,Papendrecht,NL
Rotterdam,Rotterdam_T4,02:00:00:2f:14:6c,2026-06-29 01:00:43,21.5,51.827919,4.736224,0,Sliedrecht,NL
Rotterdam,Rotterdam_T4,02:00:00:90:63:78,2026-06-29 00:58:50,21.2,51.829632,4.741648,0,Sliedrecht,NL
Rotterdam,Rotterdam_T4,02:00:00:2e:a2:60,2026-06-29 00:53:26,21.0,51.823319,4.769529,2,Sliedrecht,NL
Rotterdam,Rotterdam_T4,02:00:00:b9:51:62,2026-06-29 00:56:43,21.1,51.826993,4.768938,0,Sliedrecht,NL
Rotterdam,Rotterdam_T4,02:00:00:58:e7:dc,2026-06-29 00:53:21,21.9,51.82893,4.7746744,0,Sliedrecht,NL
Rotterdam,Rotterdam_T4,02:00:00:2b:47:3a,2026-06-29 00:54:27,20.3,51.8462791442871,4.50497102737427,0,Barendrecht,NL
Rotterdam,Rotterdam_T4,02:00:00:c3:9b:62,2026-06-29 00:55:53,20.9,51.849767,4.528578,0,Barendrecht,NL
Rotterdam,Rotterdam_T4,02:00:00:13:6d:1e,2026-06-29 00:59:08,20.8,51.8457068299844,4.53018609416509,0,Barendrecht,NL
Rotterdam,Rotterdam_T4,02:00:00:83:fc:1a,2026-06-29 00:58:08,20.6,51.847268,4.532562,1,Barendrecht,NL
Rotterdam,Rotterdam_T4,02:00:00:bd:ca:ee,2026-06-29 00:59:25,20.3,51.837578,4.56538,0,Zwijndrecht,NL
Rotterdam,Rotterdam_T4,02:00:00:65:6a:3c,2026-06-29 00:52:06,21.4,51.8427678236949,4.62538361549378,0,Hendrik-Ido-Ambacht,NL
Rotterdam,Rotterdam_T4,02:00:00:c3:9b:96,2026-06-29 00:55:49,22.2,51.8400840759277,4.62910270690918,0,Hendrik-Ido-Ambacht,NL
Rotterdam,Rotterdam_T4,02:00:00:53:51:2c,2026-06-29 00:54:25,21.9,51.844794,4.625316,1,Hendrik-Ido-Ambacht,NL
Rotterdam,Rotterdam_T4,02:00:00:bd:fd:d2,2026-06-29 01:00:04,21.5,51.8412863280112,4.64518904685974,0,Hendrik-Ido-Ambacht,NL
Rotterdam,Rotterdam_T4,02:00:00:1e:2a:48,2026-06-29 00:59:08,20.9,51.846038,4.644288,0,Hendrik-Ido-Ambacht,NL
Rotterdam,Rotterdam_T4,02:00:00:70:1d:3c,2026-06-29 00:59:50,21.0,51.8370724059415,4.64836530243054,0,Hendrik-Ido-Ambacht,NL
Rotterdam,Rotterdam_T4,02:00:00:13:43:fc,2026-06-29 01:00:06,20.4,51.838594,4.687114,0,Papendrecht,NL
Rotterdam,Rotterdam_T4,02:00:00:83:fd:4e,2026-06-29 00:54:50,20.8,51.84061,4.6882443,0,Papendrecht,NL
Rotterdam,Rotterdam_T4,02:00:00:05:4f:b4,2026-06-29 00:52:27,21.1,51.837783,4.6947,0,Papendrecht,NL
Rotterdam,Rotterdam_T4,02:00:00:52:ce:60,2026-06-29 00:53:30,21.6,51.837197,4.695891,0,Papendrecht,NL
Rotterdam,Rotterdam_T4,02:00:00:90:bf:70,2026-06-29 00:53:04,21.1,51.845082,4.759073,0,Wijngaarden,NL
Rotterdam,Rotterdam_T4,02:00:00:b5:35:2e,2026-06-29 00:57:44,21.0,51.850944519043,4.50105762481689,0,Barendrecht,NL
Rotterdam,Rotterdam_T4,02:00:00:2c:a8:f4,2026-06-29 00:54:34,21.8,51.8550282,4.50185869999996,1,Barendrecht,NL
Rotterdam,Rotterdam_T4,02:00:00:bd:e3:60,2026-06-29 00:58:17,21.2,51.850858,4.506823,0,Barendrecht,NL
Rotterdam,Rotterdam_T4,02:00:00:c3:b2:18,2026-06-29 00:55:36,21.6,51.8521,4.5326,0,Barendrecht,NL
Rotterdam,Rotterdam_T4,02:00:00:12:da:32,2026-06-29 00:56:43,22.1,51.852342,4.53911900000002,0,Barendrecht,NL
Rotterdam,Rotterdam_T4,02:00:00:2b:53:10,2026-06-29 00:57:33,21.5,51.8507,4.5433,1,Barendrecht,NL
Rotterdam,Rotterdam_T4,02:00:00:b2:c8:82,2026-06-29 00:54:27,20.7,51.851793,4.551932,0,Barendrecht,NL
Rotterdam,Rotterdam_T4,02:00:00:70:48:58,2026-06-29 00:57:01,21.3,51.8629,4.6191,0,Ridderkerk,NL
Rotterdam,Rotterdam_T4,02:00:00:c2:3e:26,2026-06-29 00:52:03,20.6,51.8606071472168,4.62559986114502,0,Ridderkerk,NL
Rotterdam,Rotterdam_T4,02:00:00:9d:2a:ae,2026-06-29 00:53:16,21.2,51.8615989685059,4.67215013504028,0,Alblasserdam,NL
Rotterdam,Rotterdam_T4,02:00:00:32:df:04,2026-06-29 00:56:14,21.6,51.863296,4.674894,0,Alblasserdam,NL
Rotterdam,Rotterdam_T4,02:00:00:52:df:62,2026-06-29 00:57:11,22.3,51.873433,4.51783,0,Rotterdam,NL
Rotterdam,Rotterdam_T4,02:00:00:a2:2b:36,2026-06-29 00:59:14,20.6,51.869744,4.528011,0,Rotterdam,NL
Rotterdam,Rotterdam_T4,02:00:00:5e:ff:d4,2026-06-29 00:55:00,22.3,51.8771436,4.5560899,0,Rotterdam,NL
Rotterdam,Rotterdam_T4,02:00:00:00:63:40,2026-06-29 01:00:18,21.8,51.8693408421565,4.5906463265419,0,Ridderkerk,NL
Rotterdam,Rotterdam_T4,02:00:00:04:6c:20,2026-06-29 01:00:38,21.7,51.870793,4.599033,1,Ridderkerk,NL
Rotterdam,Rotterdam_T4,02:00:00:2b:1a:52,2026-06-29 01:00:00,21.3,51.867130128204,4.61134004556698,0,Ridderkerk,NL
Rotterdam,Rotterdam_T4,02:00:00:7b:03:7e,2026-06-29 00:52:47,20.6,51.865452,4.621353,0,Ridderkerk,NL
Rotterdam,Rotterdam_T4,02:00:00:1e:29:ba,2026-06-29 00:55:11,20.7,51.8652853599595,4.62251235910136,0,Ridderkerk,NL
Rotterdam,Rotterdam_T4,02:00:00:37:16:28,2026-06-29 00:56:10,20.7,51.872911,4.635849,2,Alblasserdam,NL
Rotterdam,Rotterdam_T4,02:00:00:a4:67:54,2026-06-29 00:52:59,21.5,51.8689765781368,4.65696570119653,0,Alblasserdam,NL
Rotterdam,Rotterdam_T4,02:00:00:a9:93:ca,2026-06-29 00:54:15,22.5,51.8696937561035,4.65859460830688,0,Alblasserdam,NL
Rotterdam,Rotterdam_T4,02:00:00:1e:29:cc,2026-06-29 00:58:05,20.8,51.86924,4.6605825,0,Alblasserdam,NL
Rotterdam,Rotterdam_T4,02:00:00:9d:2a:32,2026-06-29 00:59:31,21.8,51.869708,4.664244,0,Alblasserdam,NL
Rotterdam,Rotterdam_T4,02:00:00:9c:d9:88,2026-06-29 00:53:04,21.9,51.865708,4.672487,0,Alblasserdam,NL
Rotterdam,Rotterdam_T4,02:00:00:a4:89:38,2026-06-29 00:54:13,21.9,51.8930892944336,4.50360250473022,0,Rotterdam,NL
Rotterdam,Rotterdam_T4,02:00:00:c3:ad:1a,2026-06-29 00:50:26,20.5,51.8807193,4.50595980000008,0,Rotterdam,NL
Rotterdam,Rotterdam_T4,02:00:00:2b:11:06,2026-06-29 00:54:14,22.0,51.884715,4.5213637,1,Rotterdam,NL
Rotterdam,Rotterdam_T4,02:00:00:c2:2f:c0,2026-06-29 00:53:06,21.0,51.889758,4.545007,1,Rotterdam,NL
Rotterdam,Rotterdam_T4,02:00:00:8d:e1:c2,2026-06-29 00:54:24,20.9,51.8884899381623,4.54850133742931,0,Rotterdam,NL
Rotterdam,Rotterdam_T4,02:00:00:84:0b:be,2026-06-29 00:58:53,20.7,51.889212,4.579173,0,Ridderkerk,NL
Rotterdam,Rotterdam_T4,02:00:00:58:db:7c,2026-06-29 00:53:05,22.0,51.890317,4.584484,0,Ridderkerk,NL
Rotterdam,Rotterdam_T4,02:00:00:a4:31:1c,2026-06-29 00:53:19,20.9,51.879825592041,4.59871816635132,0,Ridderkerk,NL
Rotterdam,Rotterdam_T4,02:00:00:b5:1e:34,2026-06-29 00:59:12,22.0,51.8856163024902,4.63144016265869,0,Kinderdijk,NL
Rotterdam,Rotterdam_T4,02:00:00:2e:ef:ca,2026-06-29 00:51:01,22.7,51.884896,4.675329,0,Nieuw-Lekkerland,NL
Rotterdam,Rotterdam_T4,02:00:00:6b:33:b2,2026-06-29 00:51:04,21.2,51.88994,4.6878767,1,Nieuw-Lekkerland,NL
Rotterdam,Rotterdam_T4,02:00:00:bd:03:12,2026-06-29 00:56:04,19.9,51.883711,4.713311,0,Nieuw-Lekkerland,NL
Rotterdam,Rotterdam_T4,02:00:00:01:7f:1c,2026-06-29 01:00:43,21.8,51.8943,4.5082,0,Rotterdam,NL
Rotterdam,Rotterdam_T4,02:00:00:b5:52:44,2026-06-29 00:58:10,23.1,51.897498,4.521842,3,Rotterdam,NL
Rotterdam,Rotterdam_T4,02:00:00:90:7f:7a,2026-06-29 00:57:54,21.2,51.898163,4.583361,2,Ridderkerk,NL
Rotterdam,Rotterdam_T4,02:00:00:a4:1d:76,2026-06-29 00:56:13,21.4,51.8956518077123,4.58617498801652,2,Ridderkerk,NL
Rotterdam,Rotterdam_T4,02:00:00:02:d1:3e,2026-06-29 00:50:57,21.4,51.8949535894151,4.63425776535564,5,Krimpenerwaard,NL
Rotterdam,Rotterdam_T4,02:00:00:b5:a5:ea,2026-06-29 00:53:00,21.5,51.8983399335402,4.74583000299793,0,Molenlanden,NL
Rotterdam,Rotterdam_T4,02:00:00:90:f8:1a,2026-06-29 00:55:49,20.1,51.90005,4.74020999999998,0,Streefkerk,NL
Rotterdam,Rotterdam_T4,02:00:00:70:58:6c,2026-06-29 00:54:28,19.9,51.898848,4.7463,0,Streefkerk,NL
Rotterdam,Rotterdam_T4,02:00:00:31:b2:be,2026-06-29 00:57:22,22.1,51.912961,4.502522,0,Rotterdam,NL
Rotterdam,Rotterdam_T4,02:00:00:21:1a:8c,2026-06-29 00:57:31,22.4,51.920843,4.512827,6,Rotterdam,NL
Rotterdam,Rotterdam_T4,02:00:00:00:e9:aa,2026-06-29 00:51:35,22.7,51.916282,4.516513,16,Rotterdam,NL
Rotterdam,Rotterdam_T4,02:00:00:70:3e:4c,2026-06-29 00:51:38,22.3,51.918575,4.553104,0,Capelle aan den IJssel,NL
Rotterdam,Rotterdam_T4,02:00:00:bd:0d:c0,2026-06-29 00:59:06,21.4,51.912598,4.5591,0,Capelle aan den IJssel,NL
Rotterdam,Rotterdam_T4,02:00:00:52:cb:e6,2026-06-29 00:51:55,22.3,51.9176414235296,4.55918770730171,2,Capelle aan den IJssel,NL
Rotterdam,Rotterdam_T4,02:00:00:83:b5:bc,2026-06-29 00:51:01,21.5,51.918131,4.570922,0,Capelle aan den IJssel,NL
Rotterdam,Rotterdam_T4,02:00:00:9d:13:30,2026-06-29 01:00:14,21.1,51.919235,4.57162120000004,0,Capelle aan den IJssel,NL
Rotterdam,Rotterdam_T4,02:00:00:6b:2a:74,2026-06-29 00:59:50,21.1,51.910033,4.590531,0,Krimpen aan den IJssel,NL
Rotterdam,Rotterdam_T4,02:00:00:3d:24:60,2026-06-29 00:54:18,21.8,51.9092152187443,4.60752285502784,0,Krimpen aan den IJssel,NL
Rotterdam,Rotterdam_T4,02:00:00:63:44:d2,2026-06-29 00:59:58,21.8,51.91956969428,4.6570497751236,0,Ouderkerk aan den IJssel,NL
Rotterdam,Rotterdam_T4,02:00:00:34:04:94,2026-06-29 00:50:47,20.7,51.9094901,4.68375689999993,0,Krimpenerwaard,NL
Rotterdam,Rotterdam_T4,02:00:00:1c:7f:58,2026-06-29 00:51:05,23.5,51.9246940612793,4.5013689994812,2,Rotterdam,NL
Rotterdam,Rotterdam_T4,02:00:00:02:43:ea,2026-06-29 00:54:33,23.6,51.925408,4.509584,2,Rotterdam,NL
Rotterdam,Rotterdam_T4,02:00:00:03:5d:4c,2026-06-29 01:00:38,21.5,51.92282,4.518588,1,Rotterdam,NL
Rotterdam,Rotterdam_T4,02:00:00:c3:80:a6,2026-06-29 00:58:11,21.6,51.931264,4.550389,0,Rotterdam,NL
Rotterdam,Rotterdam_T4,02:00:00:3c:00:22,2026-06-29 00:51:04,21.3,51.93424,4.553542,0,Rotterdam,NL
Rotterdam,Rotterdam_T4,02:00:00:b5:20:2c,2026-06-29 00:56:36,21.5,51.935394,4.553254,0,Rotterdam,NL
Rotterdam,Rotterdam_T4,02:00:00:bd:1a:90,2026-06-29 00:51:56,22.1,51.9268074035645,4.57429313659668,1,Capelle aan den IJssel,NL
Rotterdam,Rotterdam_T4,02:00:00:2f:0c:10,2026-06-29 00:54:36,21.8,51.9344479606926,4.59018536167076,0,Capelle aan den IJssel,NL
Rotterdam,Rotterdam_T4,02:00:00:63:42:f8,2026-06-29 00:54:10,22.2,51.9293733342703,4.59409007318868,0,Capelle aan den IJssel,NL
Rotterdam,Rotterdam_T4,02:00:00:b5:8a:78,2026-06-29 00:57:52,20.6,51.9369066,4.597439,0,Capelle aan den IJssel,NL
Rotterdam,Rotterdam_T4,02:00:00:83:d0:98,2026-06-29 00:50:58,21.8,51.929055,4.61168,0,Capelle aan den IJssel,NL
Rotterdam,Rotterdam_T4,02:00:00:af:65:fc,2026-06-29 00:55:39,21.5,51.92348,4.624417,0,Krimpen aan den IJssel,NL
Rotterdam,Rotterdam_T4,02:00:00:5f:3b:64,2026-06-29 00:58:15,20.2,51.934994,4.73829,0,Krimpenerwaard,NL
Rotterdam,Rotterdam_T4,02:00:00:65:4e:e0,2026-06-29 00:57:38,23.0,51.945285,4.535755,0,Rotterdam,NL
Rotterdam,Rotterdam_T4,02:00:00:01:28:b8,2026-06-29 00:59:36,21.0,51.9411495701722,4.56710300000004,0,Capelle aan den IJssel,NL
Rotterdam,Rotterdam_T4,02:00:00:33:f2:74,2026-06-29 00:59:20,21.3,51.94695,4.5638,0,Rotterdam,NL
Rotterdam,Rotterdam_T4,02:00:00:bd:c2:20,2026-06-29 00:57:34,20.9,51.949393,4.572462,0,Capelle aan den IJssel,NL
Rotterdam,Rotterdam_T4,02:00:00:7f:8e:30,2026-06-29 00:56:27,21.2,51.94716,4.577374,0,Capelle aan den IJssel,NL
Rotterdam,Rotterdam_T4,02:00:00:b5:01:6e,2026-06-29 00:51:14,20.4,51.947535,4.577741,0,Capelle aan den IJssel,NL
Rotterdam,Rotterdam_T4,02:00:00:36:d9:ea,2026-06-29 01:00:04,20.2,51.937104,4.611066,0,Capelle aan den IJssel,NL
Rotterdam,Rotterdam_T4,02:00:00:73:ee:82,2026-06-29 00:53:58,20.4,51.943974,4.7075996,0,Krimpenerwaard,NL
Rotterdam,Rotterdam_T4,02:00:00:90:c6:f6,2026-06-29 00:53:05,21.3,51.9442388535085,4.70877000000014,0,Berkenwoude,NL
Rotterdam,Rotterdam_T4,02:00:00:03:a2:42,2026-06-29 00:53:06,22.8,51.959495,4.500036,0,Rotterdam,NL
Rotterdam,Rotterdam_T4,02:00:00:13:85:7e,2026-06-29 00:51:48,21.1,51.956141511216,4.50468333618164,0,Rotterdam,NL
Rotterdam,Rotterdam_T4,02:00:00:2a:d5:58,2026-06-29 01:00:51,20.9,51.9642850413781,4.50498007983016,0,Rotterdam,NL
Rotterdam,Rotterdam_T4,02:00:00:2f:0f:2e,2026-06-29 00:57:29,21.9,51.9536204,4.5346555,0,Rotterdam,NL
Rotterdam,Rotterdam_T4,02:00:00:90:b5:0c,2026-06-29 00:53:01,20.9,51.954033,4.534729,0,Rotterdam,NL
Rotterdam,Rotterdam_T4,02:00:00:a9:a6:c2,2026-06-29 00:56:04,20.4,51.9637222290039,4.52992153167725,0,Rotterdam,NL
Rotterdam,Rotterdam_T4,02:00:00:03:cb:de,2026-06-29 00:55:31,20.3,51.9617,4.5476,0,Rotterdam,NL
Rotterdam,Rotterdam_T4,02:00:00:bc:ab:08,2026-06-29 00:52:00,21.2,51.955691,4.5518,0,Rotterdam,NL
Rotterdam,Rotterdam_T4,02:00:00:36:e3:e0,2026-06-29 00:50:41,21.9,51.9613543477029,4.55115616321564,0,Rotterdam,NL
Rotterdam,Rotterdam_T4,02:00:00:33:c5:7e,2026-06-29 00:50:43,21.0,51.9549659,4.58058359999995,0,Capelle aan den IJssel,NL
Rotterdam,Rotterdam_T4,02:00:00:2e:a5:98,2026-06-29 00:59:03,21.2,51.964966611571,4.57781134581205,0,Rotterdam,NL
Rotterdam,Rotterdam_T4,02:00:00:13:43:b2,2026-06-29 00:52:48,21.3,51.9569458952657,4.58524636924699,0,Capelle aan den IJssel,NL
Rotterdam,Rotterdam_T4,02:00:00:c2:37:e4,2026-06-29 00:56:13,21.2,51.964299,4.598212,0,Nieuwerkerk aan den IJssel,NL
Rotterdam,Rotterdam_T4,02:00:00:58:e8:ec,2026-06-29 01:00:19,20.6,51.9551,4.605066,0,Nieuwerkerk aan den IJssel,NL
Rotterdam,Rotterdam_T4,02:00:00:74:0c:3c,2026-06-29 00:59:13,20.5,51.955207,4.605644,0,Nieuwerkerk aan den IJssel,NL
Rotterdam,Rotterdam_T4,02:00:00:a4:28:a8,2026-06-29 00:56:58,19.7,51.619805,4.503271,1,Standdaarbuiten,NL
Rotterdam,Rotterdam_T4,02:00:00:af:68:56,2026-06-29 00:58:14,20.8,51.6195220947266,4.72724771499634,0,Breda,NL
Rotterdam,Rotterdam_T4,02:00:00:03:b8:52,2026-06-29 00:53:40,21.1,51.619173,4.74028,2,Breda,NL
Rotterdam,Rotterdam_T4,02:00:00:58:f4:d4,2026-06-29 00:51:04,22.0,51.6215203879935,4.73909854888916,1,Breda,NL
Rotterdam,Rotterdam_T4,02:00:00:c3:8b:46,2026-06-29 00:54:48,21.8,51.621228,4.745678,0,Breda,NL
Rotterdam,Rotterdam_T4,02:00:00:7f:a8:1a,2026-06-29 00:54:43,20.1,51.6410548,4.534419,0,Noordhoek,NL
Rotterdam,Rotterdam_T4,02:00:00:5e:fc:2c,2026-06-29 00:51:07,22.4,51.6389694213867,4.58760547637939,0,Moerdijk,NL
Rotterdam,Rotterdam_T4,02:00:00:2b:2d:80,2026-06-29 00:52:35,22.5,51.646379,4.590162,0,Zevenbergen,NL
Rotterdam,Rotterdam_T4,02:00:00:02:96:12,2026-06-29 00:53:56,20.3,51.6369220170065,4.60304491819187,0,Zevenbergen,NL
Rotterdam,Rotterdam_T4,02:00:00:2b:32:c2,2026-06-29 01:00:21,20.7,51.639848,4.60266600000003,0,Zevenbergen,NL
Rotterdam,Rotterdam_T4,02:00:00:8d:e1:04,2026-06-29 00:58:08,21.0,51.6400141,4.61166990000001,0,Zevenbergen,NL
Rotterdam,Rotterdam_T4,02:00:00:1e:21:de,2026-06-29 00:52:31,21.2,51.642065,4.744237,0,Drimmelen,NL
Rotterdam,Rotterdam_T4,02:00:00:03:0d:3c,2026-06-29 00:53:33,21.8,51.645013,4.755716,2,Terheijden,NL
Rotterdam,Rotterdam_T4,02:00:00:a9:d1:fc,2026-06-29 00:58:04,21.8,51.6504440307617,4.58930969238281,1,Zevenbergen,NL
Rotterdam,Rotterdam_T4,02:00:00:12:95:e4,2026-06-29 00:59:49,20.9,51.647162,4.600765,0,Zevenbergen,NL
Rotterdam,Rotterdam_T4,02:00:00:9d:1b:b0,2026-06-29 00:51:14,22.2,51.6499862670898,4.75294923782349,0,Terheijden,NL
Rotterdam,Rotterdam_T4,02:00:00:02:5e:18,2026-06-29 00:54:49,23.6,51.647886,4.758551,1,Terheijden,NL
Rotterdam,Rotterdam_T4,02:00:00:5e:ef:f6,2026-06-29 00:57:41,20.1,51.66303,4.524503,0,Klundert,NL
Rotterdam,Rotterdam_T4,02:00:00:3f:4e:cc,2026-06-29 00:58:44,19.6,51.6623510462909,4.53449203439712,1,Moerdijk,NL
Rotterdam,Rotterdam_T4,02:00:00:01:06:8e,2026-06-29 00:59:16,21.5,51.674017,4.678985,3,Zevenbergschen Hoek,NL
Rotterdam,Rotterdam_T4,02:00:00:69:2e:a8,2026-06-29 00:56:22,20.8,51.705344,4.707075,0,Lage Zwaluwe,NL
Rotterdam,Rotterdam_T4,02:00:00:9d:0d:18,2026-06-29 00:58:39,20.4,51.73732,4.549589,0,Strijen,NL
Rotterdam,Rotterdam_T4,02:00:00:01:e4:28,2026-06-29 00:57:12,20.8,51.73902,4.551534,0,Strijen,NL
Rotterdam,Rotterdam_T4,02:00:00:33:d7:fa,2026-06-29 00:53:45,20.4,51.746345,4.553707,1,Strijen,NL
Rotterdam,Rotterdam_T4,02:00:00:5f:62:96,2026-06-29 00:51:22,21.5,51.7492420431945,4.54995453357697,0,Strijen,NL
Rotterdam,Rotterdam_T4,02:00:00:a4:44:86,2026-06-29 00:51:02,21.1,51.7487564086914,4.59236669540405,0,'s-Gravendeel,NL
Rotterdam,Rotterdam_T4,02:00:00:53:32:78,2026-06-29 00:57:24,19.3,51.7504501342773,4.61845016479492,0,Hoeksche Waard,NL
Rotterdam,Rotterdam_T4,02:00:00:28:6a:7a,2026-06-29 00:55:10,20.5,51.774143,4.6138062,0,Hoeksche Waard,NL
Rotterdam,Rotterdam_T4,02:00:00:b4:e8:e8,2026-06-29 00:59:20,22.3,51.770848,4.659682,0,Dordrecht,NL
Rotterdam,Rotterdam_T4,02:00:00:01:79:92,2026-06-29 00:50:49,22.8,51.774377,4.667812,0,Dordrecht,NL
Rotterdam,Rotterdam_T4,02:00:00:b5:71:d0,2026-06-29 01:00:34,21.6,51.772762,4.674453,0,Dordrecht,NL
Rotterdam,Rotterdam_T4,02:00:00:1f:78:9a,2026-06-29 00:50:49,21.7,51.777599,4.676314,0,Dordrecht,NL
Rotterdam,Rotterdam_T4,02:00:00:2e:ad:88,2026-06-29 00:58:01,20.6,51.784425,4.55715,0,Hoeksche Waard,NL
Rotterdam,Rotterdam_T4,02:00:00:96:e0:b4,2026-06-29 00:52:10,20.7,51.787051,4.56029,0,Maasdam,NL
Rotterdam,Rotterdam_T4,02:00:00:05:86:c6,2026-06-29 00:51:05,20.8,51.79149,4.55400000000011,0,Hoeksche Waard,NL
Rotterdam,Rotterdam_T4,02:00:00:63:1e:e6,2026-06-29 00:56:39,19.2,51.782463,4.596613,0,Hoeksche Waard,NL
Rotterdam,Rotterdam_T4,02:00:00:b5:02:84,2026-06-29 00:59:09,19.9,51.782564,4.606451,0,'s-Gravendeel,NL
Rotterdam,Rotterdam_T4,02:00:00:b2:b9:b0,2026-06-29 00:59:43,20.5,51.780144,4.613583,0,'s-Gravendeel,NL
Rotterdam,Rotterdam_T4,02:00:00:03:88:2e,2026-06-29 00:51:29,21.7,51.7907752990723,4.65260601043701,4,Dordrecht,NL
Rotterdam,Rotterdam_T4,02:00:00:c2:7f:ba,2026-06-29 00:59:25,20.5,51.7885793,4.6604208,3,Dordrecht,NL
Rotterdam,Rotterdam_T4,02:00:00:b9:40:8c,2026-06-29 00:53:52,21.8,51.7833036,4.67555490000007,0,Dordrecht,NL
Rotterdam,Rotterdam_T4,02:00:00:63:1a:22,2026-06-29 00:50:29,19.2,51.6236701089152,4.34694113409063,0,Steenbergen,NL
Rotterdam,Rotterdam_T4,02:00:00:c6:2c:46,2026-06-29 00:53:11,21.1,51.631416,4.372295,0,Dinteloord,NL
Rotterdam,Rotterdam_T4,02:00:00:58:af:5c,2026-06-29 00:59:10,20.0,51.6474186174302,4.38334428006783,0,Dinteloord,NL
Rotterdam,Rotterdam_T4,02:00:00:20:b9:22,2026-06-29 00:57:59,20.7,51.6701335,4.4339254,0,Moerdijk,NL
Rotterdam,Rotterdam_T4,02:00:00:03:c6:e6,2026-06-29 00:52:06,20.9,51.67676,4.280786,1,Achthuizen,NL
Rotterdam,Rotterdam_T4,02:00:00:00:c0:58,2026-06-29 00:56:43,22.0,51.6819045,4.34173109999998,0,Ooltgensplaat,NL
Rotterdam,Rotterdam_T4,02:00:00:b4:fb:38,2026-06-29 00:56:26,21.3,51.681307,4.348927,0,Ooltgensplaat,NL
Rotterdam,Rotterdam_T4,02:00:00:b5:8b:d6,2026-06-29 00:52:13,22.2,51.6838863515784,4.44104789634028,0,Moerdijk,NL
Rotterdam,Rotterdam_T4,02:00:00:9c:f8:e2,2026-06-29 00:53:42,21.3,51.68679,4.445939,0,Helwijk,NL
Rotterdam,Rotterdam_T4,02:00:00:a9:e2:48,2026-06-29 00:52:43,20.4,51.701777,4.25903699999997,0,Den Bommel,NL
Rotterdam,Rotterdam_T4,02:00:00:7a:f8:86,2026-06-29 00:55:00,21.6,51.715689,4.281123,0,Den Bommel,NL
Rotterdam,Rotterdam_T4,02:00:00:84:04:a0,2026-06-29 00:57:26,21.2,51.729639,4.443646,0,Numansdorp,NL
Rotterdam,Rotterdam_T4,02:00:00:ab:c1:52,2026-06-29 00:57:48,21.6,51.7272605895996,4.44469356536865,0,Numansdorp,NL
Rotterdam,Rotterdam_T4,02:00:00:a4:79:32,2026-06-29 00:52:21,21.9,51.7287788391113,4.4539942741394,0,Numansdorp,NL
Rotterdam,Rotterdam_T4,02:00:00:2f:24:58,2026-06-29 00:52:53,18.7,51.7388602,4.23624810000001,0,Goeree-Overflakkee,NL
Rotterdam,Rotterdam_T4,02:00:00:bc:cf:e6,2026-06-29 00:54:46,20.9,51.737984,4.443355,0,Numansdorp,NL
Rotterdam,Rotterdam_T4,02:00:00:a2:1f:5c,2026-06-29 00:54:18,20.5,51.740426,4.44279,0,Numansdorp,NL
Rotterdam,Rotterdam_T4,02:00:00:65:49:fc,2026-06-29 00:51:50,20.5,51.741867,4.449701,0,Numansdorp,NL
Rotterdam,Rotterdam_T4,02:00:00:64:1b:1e,2026-06-29 00:56:07,20.3,51.757112,4.343231,0,Zuid-Beijerland,NL
Rotterdam,Rotterdam_T4,02:00:00:7f:ba:0e,2026-06-29 00:59:52,21.0,51.753811,4.373477,0,Zuid-Beijerland,NL
Rotterdam,Rotterdam_T4,02:00:00:90:98:0e,2026-06-29 00:51:17,20.3,51.751613,4.374019,0,Zuid-Beijerland,NL
Rotterdam,Rotterdam_T4,02:00:00:84:8d:94,2026-06-29 00:55:07,20.8,51.776696,4.324838,0,Zuid-Beijerland,NL
Rotterdam,Rotterdam_T4,02:00:00:bd:1c:46,2026-06-29 00:56:43,19.1,51.767225,4.471495,0,Klaaswaal,NL
Rotterdam,Rotterdam_T4,02:00:00:3f:02:c2,2026-06-29 00:51:02,19.5,51.7791628378921,4.35718958692851,0,Nieuw-Beijerland,NL
Rotterdam,Rotterdam_T4,02:00:00:c3:a9:14,2026-06-29 00:57:49,19.9,51.7901851790411,4.47175113435905,0,Westmaas,NL
Rotterdam,Rotterdam_T4,02:00:00:a9:ac:00,2026-06-29 00:51:24,21.4,51.788327,4.478044,0,Westmaas,NL
